documentation-url,end-date,entry-date,geography,geometry,name,organisation,point,reference,start-date,slug
,,2021-01-08,development-policy-area:LPBAK,"MULTIPOLYGON (((-0.761460 51.633397,-0.761129 51.633425,-0.760743 51.633369,-0.760915 51.633029,-0.760920 51.632930,-0.761091 51.632618,-0.761075 51.632584,-0.760801 51.632529,-0.761069 51.632037,-0.761116 51.631915,-0.761101 51.631889,-0.761284 51.631897,-0.762196 51.632102,-0.761460 51.633397)))",Baker Street,local-authority-eng:BUC,,,,/development-policy-area/local-authority-eng/BUC/LPBAK
,,2021-01-08,development-policy-area:LPBE1,"MULTIPOLYGON (((-0.701897 51.579808,-0.701937 51.579826,-0.697148 51.581413,-0.695101 51.579993,-0.693957 51.579044,-0.694803 51.578702,-0.696432 51.578189,-0.696702 51.578132,-0.697324 51.578079,-0.697524 51.578257,-0.697532 51.578347,-0.697677 51.578373,-0.697866 51.578483,-0.698350 51.578826,-0.698538 51.578741,-0.698850 51.578865,-0.698841 51.578890,-0.699563 51.579232,-0.699603 51.579256,-0.699569 51.579296,-0.699699 51.579355,-0.699785 51.579343,-0.699874 51.579266,-0.699935 51.579290,-0.700072 51.579156,-0.700914 51.579169,-0.701031 51.579479,-0.701375 51.579402,-0.701469 51.579632,-0.701897 51.579808)))",Slate Meadow,local-authority-eng:BUC,,,,/development-policy-area/local-authority-eng/BUC/LPBE1
,,2021-01-08,development-policy-area:LPBE2,"MULTIPOLYGON (((-0.698549 51.577172,-0.698462 51.577204,-0.697468 51.576756,-0.697417 51.576798,-0.696990 51.576606,-0.697337 51.576324,-0.698168 51.575332,-0.700016 51.575790,-0.701828 51.574046,-0.698926 51.573849,-0.699152 51.573194,-0.700088 51.573207,-0.700328 51.572730,-0.698758 51.572702,-0.699320 51.572074,-0.699406 51.571873,-0.699447 51.571591,-0.700921 51.571492,-0.701356 51.571499,-0.701356 51.571464,-0.703329 51.571472,-0.703341 51.571638,-0.703759 51.571644,-0.704493 51.571715,-0.704497 51.571635,-0.705538 51.571511,-0.706073 51.571493,-0.706239 51.571140,-0.706353 51.570683,-0.706565 51.570660,-0.706515 51.570902,-0.707118 51.570962,-0.706947 51.571365,-0.707319 51.571424,-0.705957 51.574273,-0.705853 51.574319,-0.705004 51.574261,-0.704770 51.574989,-0.703598 51.576484,-0.701199 51.575979,-0.699003 51.576998,-0.698549 51.577172)))",Hollands Farm,local-authority-eng:BUC,,,,/development-policy-area/local-authority-eng/BUC/LPBE2
,,2021-01-08,development-policy-area:LPBEL,"MULTIPOLYGON (((-0.754505 51.635912,-0.754824 51.635435,-0.754922 51.635456,-0.754853 51.635558,-0.755224 51.635642,-0.755138 51.636049,-0.755195 51.636237,-0.755243 51.636595,-0.755619 51.637263,-0.755905 51.637854,-0.755903 51.638128,-0.755513 51.638344,-0.755224 51.638338,-0.755055 51.638948,-0.754615 51.639036,-0.754223 51.639063,-0.754311 51.637496,-0.754389 51.636621,-0.754505 51.635912)))",Bellfield Road,local-authority-eng:BUC,,,,/development-policy-area/local-authority-eng/BUC/LPBEL
,,2021-01-08,development-policy-area:LPD21A,"MULTIPOLYGON (((-0.742695 51.636338,-0.742520 51.636528,-0.741578 51.636188,-0.741728 51.636023,-0.742009 51.636084,-0.742695 51.636338)))",Edie Pusey House 9A Amersham Road High Wycombe,local-authority-eng:BUC,,,,/development-policy-area/local-authority-eng/BUC/LPD21A
,,2021-01-08,development-policy-area:LPD21B,"MULTIPOLYGON (((-0.778126 51.623639,-0.777312 51.624211,-0.777059 51.624487,-0.776430 51.624303,-0.776525 51.624171,-0.777234 51.623732,-0.777623 51.623336,-0.777771 51.623118,-0.778379 51.623462,-0.778126 51.623639)))",Delafield Heights South (Longland Way / Pettifer Way (South)) HW,local-authority-eng:BUC,,,,/development-policy-area/local-authority-eng/BUC/LPD21B
,,2021-01-08,development-policy-area:LPD21C,"MULTIPOLYGON (((-0.729077 51.623492,-0.728939 51.623819,-0.728531 51.623753,-0.728662 51.623433,-0.729077 51.623492)))",Frank Hudson Furniture Factory Rosebery Avenue High Wycombe,local-authority-eng:BUC,,,,/development-policy-area/local-authority-eng/BUC/LPD21C
,,2021-01-08,development-policy-area:LPD21D,"MULTIPOLYGON (((-0.802679 51.606883,-0.802619 51.606661,-0.803096 51.606597,-0.803528 51.606477,-0.803738 51.606399,-0.804153 51.606166,-0.804733 51.606376,-0.804370 51.607191,-0.804316 51.607237,-0.803896 51.607265,-0.803809 51.607322,-0.803692 51.607278,-0.803744 51.606922,-0.802679 51.606883)))",Notcutts Garden Centre Clay Lane High Wycombe,local-authority-eng:BUC,,,,/development-policy-area/local-authority-eng/BUC/LPD21D
,,2021-01-08,development-policy-area:LPD21E,"MULTIPOLYGON (((-0.776832 51.627140,-0.776889 51.626933,-0.776875 51.626734,-0.776841 51.626710,-0.777251 51.625727,-0.777517 51.624754,-0.778116 51.624860,-0.778118 51.624910,-0.777976 51.625201,-0.777995 51.625272,-0.778499 51.625371,-0.778409 51.625644,-0.778210 51.626757,-0.777751 51.626825,-0.776832 51.627140)))",Delafield Heights North (Longland Way / Pettifer Way (North)) High Wyc,local-authority-eng:BUC,,,,/development-policy-area/local-authority-eng/BUC/LPD21E
,,2021-01-08,development-policy-area:LPD21F,"MULTIPOLYGON (((-0.748946 51.628503,-0.748877 51.628483,-0.749024 51.628251,-0.749087 51.628269,-0.748946 51.628503)))",27 High Street High Wycombe,local-authority-eng:BUC,,,,/development-policy-area/local-authority-eng/BUC/LPD21F
,,2021-01-08,development-policy-area:LPD21G,"MULTIPOLYGON (((-0.822707 51.675813,-0.822183 51.675563,-0.821817 51.675846,-0.822258 51.676107,-0.822360 51.676133,-0.822175 51.676321,-0.821964 51.676228,-0.821451 51.675908,-0.821896 51.675619,-0.821718 51.675510,-0.822662 51.674963,-0.822694 51.674985,-0.822743 51.674961,-0.823115 51.675301,-0.823106 51.675488,-0.822980 51.675561,-0.822707 51.675813)))",Coal Yard Smalldean Lane Saunderton,local-authority-eng:BUC,,,,/development-policy-area/local-authority-eng/BUC/LPD21G
,,2021-01-08,development-policy-area:LPD21H,"MULTIPOLYGON (((-0.710847 51.582588,-0.710554 51.582789,-0.709920 51.582378,-0.710110 51.582277,-0.710847 51.582588)))",Windrush House Bourne End,local-authority-eng:BUC,,,,/development-policy-area/local-authority-eng/BUC/LPD21H
,,2021-01-08,development-policy-area:LPD21I,"MULTIPOLYGON (((-0.772050 51.634322,-0.771795 51.634297,-0.771878 51.633960,-0.769765 51.633765,-0.769821 51.633552,-0.770029 51.633579,-0.770064 51.633449,-0.772440 51.633680,-0.772297 51.634285,-0.772211 51.634332,-0.772050 51.634322)),((-0.769787 51.633851,-0.770295 51.633901,-0.770209 51.634146,-0.769683 51.634095,-0.769715 51.633960,-0.769766 51.633950,-0.769787 51.633851)))",Dashwood Avenue High Wycombe,local-authority-eng:BUC,,,,/development-policy-area/local-authority-eng/BUC/LPD21I
,,2021-01-08,development-policy-area:LPD21J,"MULTIPOLYGON (((-0.770064 51.633448,-0.770029 51.633579,-0.769819 51.633560,-0.769852 51.633430,-0.770064 51.633448)))",34 Dashwood Avenue High Wycombe,local-authority-eng:BUC,,,,/development-policy-area/local-authority-eng/BUC/LPD21J
,,2021-01-08,development-policy-area:LPD21K,"MULTIPOLYGON (((-0.771155 51.633111,-0.771142 51.633162,-0.770208 51.633071,-0.770231 51.632979,-0.770297 51.632984,-0.770326 51.632902,-0.770000 51.632871,-0.770017 51.632818,-0.770097 51.632789,-0.771211 51.632895,-0.771155 51.633111)))",Ogilvie Road High Wycombe,local-authority-eng:BUC,,,,/development-policy-area/local-authority-eng/BUC/LPD21K
,,2021-01-08,development-policy-area:LPD21L,"MULTIPOLYGON (((-0.727137 51.626000,-0.727125 51.626030,-0.726017 51.625853,-0.726133 51.625548,-0.726771 51.625750,-0.727137 51.626000)))",Land to the rear of Quebec Road High Wycombe,local-authority-eng:BUC,,,,/development-policy-area/local-authority-eng/BUC/LPD21L
,,2021-01-08,development-policy-area:LPD21M,"MULTIPOLYGON (((-0.735836 51.626198,-0.735676 51.626505,-0.735516 51.626447,-0.735527 51.626430,-0.735199 51.626359,-0.735316 51.626138,-0.735729 51.626218,-0.735758 51.626175,-0.735637 51.626140,-0.735811 51.625823,-0.736426 51.625986,-0.736412 51.626007,-0.736058 51.625920,-0.735995 51.626019,-0.736339 51.626111,-0.736334 51.626132,-0.735943 51.626036,-0.735836 51.626198)))",Netley Works 89 Queens Road High Wycombe,local-authority-eng:BUC,,,,/development-policy-area/local-authority-eng/BUC/LPD21M
,,2021-01-08,development-policy-area:LPD21N,"MULTIPOLYGON (((-0.780320 51.624870,-0.780074 51.624803,-0.780243 51.624478,-0.779792 51.624398,-0.779804 51.624365,-0.780202 51.624435,-0.780268 51.624398,-0.780847 51.623217,-0.781105 51.623265,-0.780920 51.623637,-0.780961 51.623650,-0.780960 51.623704,-0.781365 51.623765,-0.781353 51.623801,-0.780955 51.623732,-0.780908 51.623786,-0.780855 51.623781,-0.780320 51.624870)))",Garages between Chiltern Avenue and Rutland Avenue High Wycombe,local-authority-eng:BUC,,,,/development-policy-area/local-authority-eng/BUC/LPD21N
,,2021-01-08,development-policy-area:LPD21O,"MULTIPOLYGON (((-0.722436 51.641787,-0.722386 51.642133,-0.722314 51.642126,-0.722367 51.641883,-0.721488 51.641822,-0.721510 51.641771,-0.721445 51.641690,-0.721483 51.641642,-0.721603 51.641596,-0.721553 51.641544,-0.722010 51.641376,-0.722436 51.641787)))",Garages at Tyzack Road High Wycombe,local-authority-eng:BUC,,,,/development-policy-area/local-authority-eng/BUC/LPD21O
,,2021-01-08,development-policy-area:LPD21P,"MULTIPOLYGON (((-0.791121 51.618620,-0.790891 51.618603,-0.790922 51.618435,-0.791151 51.618451,-0.791121 51.618620)))",Garages at Havenfield Road High Wycombe,local-authority-eng:BUC,,,,/development-policy-area/local-authority-eng/BUC/LPD21P
,,2021-01-08,development-policy-area:LPD21Q,"MULTIPOLYGON (((-0.764740 51.634002,-0.764505 51.633886,-0.764445 51.633876,-0.764563 51.633783,-0.764843 51.633922,-0.764740 51.634002)))",1-9 Shaftesbury Street High Wycombe,local-authority-eng:BUC,,,,/development-policy-area/local-authority-eng/BUC/LPD21Q
,,2021-01-08,development-policy-area:LPD21R,"MULTIPOLYGON (((-0.768990 51.575168,-0.771475 51.574997,-0.771496 51.574970,-0.771681 51.575144,-0.771816 51.575223,-0.771134 51.575684,-0.770556 51.576193,-0.770272 51.576379,-0.768990 51.575168)))",Foxes Piece Marlow Buckinghamshire,local-authority-eng:BUC,,,,/development-policy-area/local-authority-eng/BUC/LPD21R
,,2021-01-08,development-policy-area:LPD21S,"MULTIPOLYGON (((-0.799357 51.608279,-0.799091 51.608804,-0.797944 51.608878,-0.797885 51.607377,-0.797929 51.607375,-0.798185 51.608360,-0.799357 51.608279)))",Westside Fruit / The Apple Orchard Clay Lane High Wycombe,local-authority-eng:BUC,,,,/development-policy-area/local-authority-eng/BUC/LPD21S
,,2021-01-08,development-policy-area:LPD21T,"MULTIPOLYGON (((-0.750908 51.578483,-0.750795 51.578498,-0.750748 51.578373,-0.750794 51.578261,-0.750641 51.578161,-0.750467 51.577907,-0.750453 51.577836,-0.750374 51.577823,-0.750277 51.577886,-0.749808 51.577611,-0.751147 51.576991,-0.751369 51.576949,-0.751799 51.577134,-0.752007 51.577032,-0.752338 51.577270,-0.752150 51.577366,-0.752358 51.577578,-0.752422 51.577723,-0.752797 51.577900,-0.751870 51.578192,-0.751090 51.578383,-0.750908 51.578483)))",Westhorpe House Westhorpe Park Little Marlow,local-authority-eng:BUC,,,,/development-policy-area/local-authority-eng/BUC/LPD21T
,,2021-01-08,development-policy-area:LPD21U,"MULTIPOLYGON (((-0.702408 51.637799,-0.702343 51.637781,-0.702242 51.637683,-0.702825 51.637449,-0.702981 51.637582,-0.702408 51.637799)))",Sunnyside and St Johns House 16-18 St Johns Road High Wycombe,local-authority-eng:BUC,,,,/development-policy-area/local-authority-eng/BUC/LPD21U
,,2021-01-08,development-policy-area:LPD21V,"MULTIPOLYGON (((-0.705100 51.660777,-0.702843 51.661222,-0.700415 51.659554,-0.698874 51.660197,-0.695192 51.657638,-0.697513 51.657069,-0.698357 51.657664,-0.699967 51.657191,-0.705100 51.660777)))",Land of Amersham Road incl. Tralee Farm,local-authority-eng:BUC,,,,/development-policy-area/local-authority-eng/BUC/LPD21V
,,2021-01-08,development-policy-area:LPD21W,"MULTIPOLYGON (((-0.839339 51.724193,-0.839925 51.723664,-0.840345 51.723346,-0.841917 51.722305,-0.842631 51.721694,-0.843298 51.721069,-0.843429 51.721113,-0.843827 51.721523,-0.843845 51.722844,-0.843870 51.722858,-0.843960 51.723896,-0.844006 51.724150,-0.844360 51.725093,-0.845295 51.726635,-0.845923 51.727433,-0.846445 51.727984,-0.847640 51.728919,-0.848858 51.729688,-0.849658 51.730144,-0.851589 51.731017,-0.854077 51.732038,-0.854647 51.732240,-0.854286 51.732387,-0.853693 51.732745,-0.852351 51.733860,-0.852296 51.733917,-0.852318 51.733931,-0.852166 51.734030,-0.851810 51.734223,-0.851483 51.734354,-0.851063 51.734400,-0.850917 51.734472,-0.851004 51.734544,-0.851009 51.734584,-0.850764 51.734749,-0.848880 51.735666,-0.847601 51.736419,-0.846092 51.737170,-0.845339 51.737453,-0.844467 51.737695,-0.842539 51.738093,-0.840985 51.738500,-0.840297 51.738642,-0.839687 51.738716,-0.839491 51.738778,-0.839360 51.738879,-0.839033 51.739010,-0.836502 51.740276,-0.834190 51.741388,-0.830203 51.739626,-0.831828 51.738230,-0.830283 51.737609,-0.832202 51.735977,-0.831298 51.735437,-0.830790 51.735012,-0.830120 51.734748,-0.830158 51.734750,-0.830244 51.734670,-0.830246 51.734633,-0.830657 51.734152,-0.831358 51.733395,-0.834058 51.730227,-0.834651 51.729601,-0.835134 51.728982,-0.835265 51.728876,-0.836733 51.727101,-0.837501 51.726317,-0.839339 51.724193)))",Princes Risborough Main Expansion Area,local-authority-eng:BUC,,,,/development-policy-area/local-authority-eng/BUC/LPD21W
,,2021-01-08,development-policy-area:LPDAW,"MULTIPOLYGON (((-0.745169 51.614841,-0.745415 51.614659,-0.745932 51.614362,-0.746168 51.614357,-0.746926 51.614460,-0.747030 51.614498,-0.747177 51.614635,-0.747277 51.614607,-0.747593 51.614946,-0.747746 51.615163,-0.747450 51.615179,-0.747203 51.615114,-0.747199 51.615091,-0.747015 51.615266,-0.745935 51.615507,-0.745818 51.614979,-0.745468 51.614984,-0.745169 51.614841)))",Daws Hill Employment Area,local-authority-eng:BUC,,,,/development-policy-area/local-authority-eng/BUC/LPDAW
,,2021-01-08,development-policy-area:LPDPR,"MULTIPOLYGON (((-0.768209 51.634062,-0.768882 51.634133,-0.768794 51.634473,-0.771617 51.634744,-0.771564 51.634947,-0.772106 51.635001,-0.771826 51.636067,-0.771606 51.636032,-0.771472 51.636057,-0.771349 51.636263,-0.771289 51.636244,-0.771183 51.636375,-0.769651 51.635909,-0.769502 51.636120,-0.769191 51.636034,-0.769021 51.636225,-0.768032 51.635927,-0.768351 51.635535,-0.767960 51.635447,-0.768046 51.635334,-0.766396 51.635126,-0.765870 51.635006,-0.766723 51.634457,-0.767120 51.634694,-0.767353 51.634456,-0.767415 51.634481,-0.767503 51.634394,-0.767837 51.634437,-0.767856 51.634378,-0.767909 51.634383,-0.767956 51.634197,-0.768026 51.634204,-0.768065 51.634047,-0.768209 51.634062)))",Desborough Park Road,local-authority-eng:BUC,,,,/development-policy-area/local-authority-eng/BUC/LPDPR
,,2021-01-08,development-policy-area:LPEM10,"MULTIPOLYGON (((-0.915863 51.659983,-0.915902 51.659921,-0.916055 51.659955,-0.917288 51.659669,-0.917419 51.659716,-0.917734 51.660171,-0.918020 51.660442,-0.918211 51.660796,-0.918496 51.661107,-0.918611 51.661324,-0.918902 51.661605,-0.918694 51.661780,-0.917088 51.661381,-0.915629 51.660948,-0.915640 51.660459,-0.915863 51.659983)))",Land rear of Stokenchurch Business Centre,local-authority-eng:BUC,,,,/development-policy-area/local-authority-eng/BUC/LPEM10
,,2021-01-08,development-policy-area:LPEM15,"MULTIPOLYGON (((-0.802934 51.609997,-0.802720 51.609981,-0.802627 51.610664,-0.802054 51.610647,-0.801819 51.613734,-0.800720 51.613739,-0.799920 51.613321,-0.799267 51.613054,-0.798538 51.612685,-0.797533 51.612264,-0.796845 51.612027,-0.797805 51.611594,-0.798264 51.611253,-0.798390 51.611248,-0.798500 51.611295,-0.798581 51.611397,-0.799043 51.612404,-0.799148 51.612720,-0.799750 51.612691,-0.799694 51.612439,-0.799851 51.611584,-0.798747 51.611525,-0.798680 51.611087,-0.798700 51.610880,-0.799262 51.609283,-0.799145 51.609267,-0.799297 51.609066,-0.799493 51.608623,-0.803333 51.608871,-0.803692 51.607278,-0.803809 51.607322,-0.803896 51.607265,-0.804316 51.607237,-0.804370 51.607191,-0.804733 51.606376,-0.804153 51.606166,-0.804384 51.605982,-0.805354 51.604859,-0.805615 51.604649,-0.806179 51.604721,-0.807631 51.605606,-0.808671 51.606100,-0.810754 51.606875,-0.812417 51.607319,-0.803192 51.609488,-0.803005 51.609499,-0.802934 51.609997)),((-0.798743 51.611525,-0.798747 51.611525,-0.798744 51.611526,-0.798743 51.611525)))",Wycombe Air Park,local-authority-eng:BUC,,,,/development-policy-area/local-authority-eng/BUC/LPEM15
,,2021-01-08,development-policy-area:LPEM17,"MULTIPOLYGON (((-0.773451 51.626446,-0.770237 51.626400,-0.770134 51.625659,-0.770051 51.625292,-0.770440 51.623486,-0.766919 51.621869,-0.767196 51.621204,-0.767461 51.621210,-0.768310 51.619909,-0.768403 51.619781,-0.768495 51.619813,-0.768800 51.619356,-0.768558 51.619147,-0.768482 51.618991,-0.768901 51.618544,-0.771363 51.619353,-0.772130 51.619070,-0.772078 51.619585,-0.773348 51.619816,-0.773757 51.619824,-0.774030 51.619761,-0.774702 51.619698,-0.774889 51.617940,-0.774845 51.617939,-0.775008 51.616853,-0.778389 51.616905,-0.782156 51.617103,-0.783284 51.620432,-0.783601 51.620395,-0.783703 51.620741,-0.782899 51.620848,-0.782077 51.621363,-0.781599 51.621847,-0.781149 51.622452,-0.781057 51.622613,-0.781044 51.622824,-0.779494 51.622978,-0.779195 51.622978,-0.778446 51.622870,-0.777857 51.622984,-0.777857 51.622669,-0.776227 51.622863,-0.774948 51.622426,-0.774061 51.622786,-0.774033 51.623033,-0.773943 51.623661,-0.773854 51.624360,-0.773841 51.624471,-0.773855 51.624359,-0.774483 51.624418,-0.773451 51.626446)))",Cressex Business Park,local-authority-eng:BUC,,,,/development-policy-area/local-authority-eng/BUC/LPEM17
,,2021-01-08,development-policy-area:LPEM7,"MULTIPOLYGON (((-0.760664 51.570699,-0.762775 51.570970,-0.762799 51.570904,-0.764094 51.570873,-0.764610 51.570895,-0.765188 51.570965,-0.765206 51.570751,-0.766137 51.570761,-0.766643 51.570825,-0.767128 51.570670,-0.767241 51.570803,-0.767288 51.570790,-0.767519 51.571052,-0.767336 51.571110,-0.767453 51.571226,-0.768584 51.571385,-0.768615 51.571529,-0.768557 51.571729,-0.768052 51.571956,-0.767871 51.571794,-0.767816 51.571818,-0.767671 51.571673,-0.767632 51.571668,-0.767040 51.571929,-0.767334 51.572268,-0.765639 51.572993,-0.765534 51.572992,-0.765070 51.572552,-0.763146 51.573332,-0.763111 51.573300,-0.762027 51.573603,-0.762296 51.573953,-0.762215 51.574027,-0.759067 51.574890,-0.759171 51.575037,-0.759120 51.575053,-0.757157 51.575394,-0.756835 51.575407,-0.757443 51.574075,-0.757851 51.573331,-0.757591 51.573271,-0.758896 51.571221,-0.759056 51.570907,-0.759320 51.570497,-0.760664 51.570699)))",Globe Park,local-authority-eng:BUC,,,,/development-policy-area/local-authority-eng/BUC/LPEM7
,,2021-01-08,development-policy-area:LPEMB,"MULTIPOLYGON (((-0.705725 51.575323,-0.705673 51.575470,-0.705660 51.575763,-0.705687 51.575774,-0.705646 51.575878,-0.705990 51.576040,-0.706042 51.576224,-0.705996 51.576518,-0.705849 51.576829,-0.705916 51.576887,-0.705536 51.577849,-0.704401 51.577863,-0.703642 51.577943,-0.703419 51.577089,-0.703432 51.576807,-0.703647 51.576497,-0.703602 51.576480,-0.704638 51.575161,-0.705725 51.575323)))",Millboard Road,local-authority-eng:BUC,,,,/development-policy-area/local-authority-eng/BUC/LPEMB
,,2021-01-08,development-policy-area:LPEMC,"MULTIPOLYGON (((-0.709937 51.578266,-0.709777 51.577867,-0.708663 51.578232,-0.706546 51.578144,-0.706437 51.578040,-0.706509 51.577976,-0.706627 51.578026,-0.708991 51.576941,-0.709019 51.576933,-0.709237 51.577344,-0.709470 51.577263,-0.709334 51.577041,-0.709386 51.577003,-0.709459 51.576982,-0.709499 51.577046,-0.710095 51.576913,-0.710205 51.577217,-0.710008 51.577281,-0.710362 51.578186,-0.709937 51.578266)))",Cores End Road,local-authority-eng:BUC,,,,/development-policy-area/local-authority-eng/BUC/LPEMC
,,2021-01-08,development-policy-area:LPEMG,"MULTIPOLYGON (((-0.682308 51.597604,-0.682634 51.597483,-0.682692 51.597539,-0.684503 51.596806,-0.684623 51.596812,-0.684861 51.597037,-0.686000 51.596574,-0.686118 51.596672,-0.685865 51.596876,-0.685686 51.597154,-0.685523 51.597322,-0.685637 51.597460,-0.685884 51.597492,-0.686035 51.597612,-0.686294 51.598757,-0.686304 51.598920,-0.686230 51.599032,-0.686082 51.599138,-0.684792 51.599643,-0.684996 51.599380,-0.685135 51.599113,-0.685166 51.598956,-0.685125 51.598726,-0.684726 51.598749,-0.684614 51.598561,-0.684209 51.598748,-0.684188 51.598730,-0.684049 51.598786,-0.683712 51.598963,-0.683406 51.598623,-0.683040 51.598460,-0.682308 51.597604)))",Glory Park,local-authority-eng:BUC,,,,/development-policy-area/local-authority-eng/BUC/LPEMG
,,2021-01-08,development-policy-area:LPEMH,"MULTIPOLYGON (((-0.914281 51.658838,-0.914565 51.658512,-0.915129 51.658071,-0.916143 51.658710,-0.916631 51.658356,-0.916725 51.658496,-0.916914 51.658970,-0.917288 51.659669,-0.916707 51.659802,-0.915474 51.659118,-0.915187 51.659330,-0.914281 51.658838)))",The Heights Stokenchurch,local-authority-eng:BUC,,,,/development-policy-area/local-authority-eng/BUC/LPEMH
,,2021-01-08,development-policy-area:LPEMI,"MULTIPOLYGON (((-0.798472 51.632649,-0.792885 51.632039,-0.790631 51.632028,-0.790526 51.631542,-0.789759 51.631597,-0.789690 51.631048,-0.790770 51.630987,-0.790976 51.630905,-0.791134 51.630774,-0.791255 51.630626,-0.791615 51.629868,-0.792489 51.628357,-0.794463 51.628599,-0.795259 51.628658,-0.795254 51.628737,-0.795360 51.628898,-0.795539 51.629487,-0.795484 51.629481,-0.795443 51.629566,-0.796441 51.629638,-0.797812 51.629656,-0.797894 51.629828,-0.799175 51.629790,-0.798472 51.632649)))",Sands Industrial Estate,local-authority-eng:BUC,,,,/development-policy-area/local-authority-eng/BUC/LPEMI
,,2021-01-08,development-policy-area:LPEMJ,"MULTIPOLYGON (((-0.788474 51.610423,-0.789674 51.610692,-0.793026 51.611285,-0.794305 51.611663,-0.793079 51.612349,-0.791647 51.612918,-0.791293 51.612559,-0.790949 51.612294,-0.788598 51.611751,-0.788236 51.611730,-0.788302 51.611632,-0.788283 51.611538,-0.788321 51.611027,-0.788412 51.610415,-0.788474 51.610423)))",Johnson and Johnson,local-authority-eng:BUC,,,,/development-policy-area/local-authority-eng/BUC/LPEMJ
,,2021-01-08,development-policy-area:LPEMK,"MULTIPOLYGON (((-0.707251 51.611333,-0.705508 51.612807,-0.703356 51.611728,-0.704033 51.611266,-0.704369 51.611075,-0.704505 51.610935,-0.705578 51.610526,-0.706215 51.610916,-0.706456 51.611146,-0.706721 51.611218,-0.707110 51.611251,-0.707251 51.611333)))",Kingmead Business Park,local-authority-eng:BUC,,,,/development-policy-area/local-authority-eng/BUC/LPEMK
,,2021-01-08,development-policy-area:LPEMM,"MULTIPOLYGON (((-0.683819 51.592313,-0.683893 51.592575,-0.683523 51.592684,-0.683577 51.592745,-0.683924 51.592679,-0.683963 51.592692,-0.683994 51.592778,-0.683721 51.592867,-0.683748 51.592904,-0.683651 51.592929,-0.683692 51.592985,-0.683423 51.593060,-0.683511 51.593196,-0.683198 51.593278,-0.683166 51.593312,-0.683359 51.593692,-0.684233 51.593496,-0.684469 51.594035,-0.683807 51.594196,-0.683870 51.594323,-0.684065 51.594349,-0.684245 51.594728,-0.684768 51.594619,-0.684862 51.594790,-0.684376 51.594810,-0.684394 51.594923,-0.683463 51.594932,-0.683223 51.594849,-0.682840 51.594450,-0.682422 51.594467,-0.682306 51.594434,-0.682109 51.594332,-0.682581 51.594086,-0.682568 51.594059,-0.681737 51.593406,-0.681254 51.592981,-0.683819 51.592313)))",Mercury Park,local-authority-eng:BUC,,,,/development-policy-area/local-authority-eng/BUC/LPEMM
,,2021-01-08,development-policy-area:LPEMP,"MULTIPOLYGON (((-0.846757 51.718673,-0.846797 51.718690,-0.846542 51.718927,-0.851742 51.722473,-0.852633 51.723365,-0.851934 51.723968,-0.850439 51.723668,-0.848264 51.723095,-0.847278 51.722724,-0.846898 51.722535,-0.846382 51.722217,-0.846431 51.722186,-0.845945 51.721837,-0.845485 51.721413,-0.845043 51.720920,-0.844681 51.720379,-0.844612 51.719476,-0.844541 51.719240,-0.844524 51.719040,-0.844480 51.717917,-0.845155 51.718169,-0.845295 51.718059,-0.846757 51.718673)))",Princes Estate / Regent Park incl expansion,local-authority-eng:BUC,,,,/development-policy-area/local-authority-eng/BUC/LPEMP
,,2021-01-08,development-policy-area:LPEMS,"MULTIPOLYGON (((-0.689564 51.582988,-0.690319 51.582684,-0.689223 51.582168,-0.689519 51.581854,-0.690450 51.581129,-0.690341 51.581075,-0.690449 51.580987,-0.690277 51.580909,-0.690599 51.580657,-0.691440 51.579895,-0.691855 51.580091,-0.691813 51.580149,-0.692004 51.580237,-0.692086 51.580242,-0.692158 51.580190,-0.692283 51.580258,-0.692341 51.580187,-0.692637 51.580334,-0.692477 51.580413,-0.692655 51.580504,-0.692523 51.580605,-0.693269 51.581025,-0.693366 51.581128,-0.693941 51.581533,-0.694092 51.581417,-0.694334 51.581538,-0.694144 51.581685,-0.694760 51.582151,-0.691944 51.583088,-0.691968 51.583116,-0.690052 51.583778,-0.689092 51.584248,-0.688762 51.584451,-0.687919 51.583790,-0.688090 51.583684,-0.688238 51.583531,-0.688574 51.583726,-0.688701 51.583861,-0.689061 51.583698,-0.688846 51.583497,-0.688654 51.583399,-0.688828 51.583340,-0.688761 51.583257,-0.689178 51.583142,-0.689564 51.582988)))",Soho Mills Industrial Estate / Wooburn Industrial Park,local-authority-eng:BUC,,,,/development-policy-area/local-authority-eng/BUC/LPEMS
,,2021-01-08,development-policy-area:LPGFT,"MULTIPOLYGON (((-0.772256 51.635134,-0.772290 51.635017,-0.772834 51.635062,-0.772885 51.634865,-0.774012 51.634963,-0.774101 51.634623,-0.775312 51.634733,-0.775215 51.634979,-0.775063 51.635169,-0.774876 51.635336,-0.772256 51.635134)),((-0.772725 51.635810,-0.772659 51.635508,-0.772604 51.635420,-0.772413 51.635381,-0.772173 51.635438,-0.772260 51.635205,-0.773712 51.635327,-0.773752 51.635355,-0.773630 51.635919,-0.773558 51.635942,-0.773515 51.635935,-0.773527 51.635881,-0.772725 51.635810)))",Grafton Street,local-authority-eng:BUC,,,,/development-policy-area/local-authority-eng/BUC/LPGFT
,,2021-01-08,development-policy-area:LPGOM,"MULTIPOLYGON (((-0.716936 51.620113,-0.712816 51.618098,-0.712196 51.617790,-0.712475 51.617636,-0.712933 51.617173,-0.712903 51.617167,-0.713086 51.617209,-0.713610 51.616691,-0.713755 51.616675,-0.714347 51.616909,-0.714751 51.617139,-0.715014 51.617333,-0.715764 51.617957,-0.715684 51.617995,-0.716531 51.618632,-0.716026 51.618996,-0.716259 51.619125,-0.716378 51.619143,-0.716374 51.619191,-0.716842 51.619252,-0.716792 51.619393,-0.716654 51.619503,-0.716899 51.619620,-0.717696 51.619899,-0.716936 51.620113)))",Gomm Road / Tannery Road Industrial Estate,local-authority-eng:BUC,,,,/development-policy-area/local-authority-eng/BUC/LPGOM
,,2021-01-08,development-policy-area:LPHH,"MULTIPOLYGON (((-0.796521 51.605694,-0.796006 51.604725,-0.796609 51.604579,-0.796828 51.604557,-0.797116 51.604433,-0.797356 51.604388,-0.797773 51.604229,-0.798025 51.604172,-0.798650 51.603851,-0.798800 51.603723,-0.798783 51.603710,-0.799051 51.603628,-0.799148 51.603723,-0.799553 51.603971,-0.799990 51.604308,-0.800485 51.604577,-0.800436 51.604653,-0.800650 51.604844,-0.799747 51.605087,-0.798534 51.605299,-0.798046 51.605435,-0.796521 51.605694)))",Land adjoining High Heavens,local-authority-eng:BUC,,,,/development-policy-area/local-authority-eng/BUC/LPHH
,,2021-01-08,development-policy-area:LPHL,"MULTIPOLYGON (((-0.679873 51.591175,-0.679741 51.591410,-0.679945 51.591529,-0.679859 51.591580,-0.679915 51.591615,-0.679947 51.591698,-0.679944 51.591999,-0.679854 51.592039,-0.679793 51.592111,-0.679197 51.592200,-0.679209 51.592357,-0.679289 51.592632,-0.679305 51.592923,-0.679449 51.593463,-0.678901 51.593549,-0.677597 51.592078,-0.678148 51.591821,-0.679596 51.590900,-0.679948 51.591093,-0.679873 51.591175)))",Holtspur Lane,local-authority-eng:BUC,,,,/development-policy-area/local-authority-eng/BUC/LPHL
,,2021-01-08,development-policy-area:LPHS2,"MULTIPOLYGON (((-0.776841 51.774975,-0.776789 51.774828,-0.776667 51.774850,-0.776595 51.774790,-0.776600 51.774745,-0.776702 51.774708,-0.776221 51.774090,-0.775839 51.773693,-0.775481 51.773585,-0.775361 51.773500,-0.774999 51.773403,-0.774110 51.773054,-0.773741 51.773216,-0.773181 51.772718,-0.772366 51.772406,-0.770602 51.773228,-0.770877 51.773444,-0.771386 51.773966,-0.771663 51.774163,-0.771609 51.774202,-0.771332 51.773984,-0.770499 51.773158,-0.770500 51.773099,-0.769449 51.772179,-0.769293 51.771962,-0.769050 51.771523,-0.769000 51.771539,-0.769008 51.771470,-0.769267 51.771378,-0.769207 51.771360,-0.769750 51.771148,-0.766811 51.768814,-0.767701 51.768361,-0.767828 51.768131,-0.767875 51.767861,-0.767869 51.767677,-0.767671 51.767497,-0.767537 51.767138,-0.779135 51.769105,-0.778978 51.769452,-0.772484 51.768341,-0.772377 51.769499,-0.773396 51.769201,-0.773581 51.769950,-0.774052 51.769833,-0.774110 51.769917,-0.773972 51.769968,-0.773901 51.769925,-0.773851 51.769937,-0.773744 51.770023,-0.773789 51.770051,-0.773625 51.770125,-0.773701 51.770311,-0.773949 51.770281,-0.774139 51.770337,-0.774270 51.770562,-0.773893 51.770757,-0.773038 51.770859,-0.773210 51.771133,-0.773264 51.771160,-0.773105 51.771240,-0.773658 51.771705,-0.773813 51.771638,-0.775618 51.772404,-0.776030 51.772229,-0.777198 51.772198,-0.778101 51.772229,-0.778650 51.772192,-0.779209 51.772237,-0.779408 51.772315,-0.779613 51.772502,-0.780087 51.772561,-0.780293 51.772708,-0.780365 51.772984,-0.780634 51.773163,-0.780664 51.773261,-0.780640 51.773379,-0.780903 51.773712,-0.780957 51.773694,-0.782292 51.774805,-0.782000 51.774943,-0.781800 51.774978,-0.781526 51.774885,-0.781259 51.774922,-0.781209 51.774885,-0.781194 51.774802,-0.781133 51.774753,-0.780804 51.774704,-0.780552 51.774604,-0.780427 51.774469,-0.779675 51.774228,-0.779517 51.774321,-0.779326 51.774346,-0.778714 51.774519,-0.778626 51.774605,-0.778296 51.774586,-0.777731 51.774690,-0.776841 51.774975),(-0.767985 51.767587,-0.768014 51.767866,-0.768107 51.767936,-0.769295 51.768448,-0.769931 51.768802,-0.770170 51.768586,-0.770263 51.768545,-0.770302 51.768591,-0.772083 51.769543,-0.772199 51.768294,-0.767985 51.767587)),((-0.800594 51.780387,-0.800190 51.780603,-0.799562 51.780253,-0.799448 51.780286,-0.799823 51.780776,-0.798574 51.781393,-0.798421 51.781251,-0.798619 51.781116,-0.798453 51.780801,-0.798461 51.780665,-0.798528 51.780568,-0.797884 51.780765,-0.797800 51.780691,-0.798418 51.780502,-0.797860 51.779389,-0.797659 51.779077,-0.797477 51.778836,-0.797087 51.778521,-0.796551 51.778124,-0.795996 51.777833,-0.794553 51.777357,-0.794492 51.777413,-0.794073 51.777424,-0.794032 51.777461,-0.793961 51.777431,-0.794122 51.777286,-0.793023 51.777121,-0.792506 51.776731,-0.793503 51.776176,-0.793083 51.775900,-0.793503 51.776176,-0.793103 51.776400,-0.793240 51.776434,-0.794767 51.776711,-0.795183 51.776338,-0.795255 51.776369,-0.795174 51.776441,-0.795295 51.776685,-0.795175 51.776793,-0.795987 51.777010,-0.796726 51.777301,-0.797431 51.777681,-0.798168 51.778199,-0.798491 51.778543,-0.798715 51.778858,-0.799402 51.780201,-0.799976 51.780026,-0.800594 51.780387)),((-0.809898 51.781977,-0.808980 51.782455,-0.808414 51.780708,-0.808144 51.780061,-0.807735 51.780136,-0.807482 51.779601,-0.807009 51.779361,-0.807849 51.778804,-0.807776 51.778669,-0.807818 51.778633,-0.807792 51.778503,-0.807968 51.778455,-0.807935 51.778393,-0.807783 51.778430,-0.807284 51.777443,-0.807351 51.777391,-0.807242 51.777244,-0.807206 51.777061,-0.807235 51.776986,-0.807393 51.776875,-0.807496 51.776849,-0.807733 51.776858,-0.807863 51.776719,-0.810715 51.775854,-0.810705 51.775424,-0.810780 51.775221,-0.810854 51.775227,-0.810906 51.775093,-0.811036 51.775057,-0.811309 51.775193,-0.811285 51.775227,-0.811131 51.775187,-0.811006 51.775213,-0.810921 51.775442,-0.810938 51.775936,-0.808018 51.776822,-0.807906 51.776943,-0.808008 51.777056,-0.808043 51.777347,-0.807918 51.777505,-0.807819 51.777512,-0.808166 51.778159,-0.808457 51.778311,-0.808643 51.778307,-0.808855 51.778369,-0.809702 51.778739,-0.809055 51.779101,-0.809401 51.779833,-0.808806 51.779941,-0.809124 51.780616,-0.809392 51.780571,-0.809898 51.781977)),((-0.800875 51.777081,-0.800702 51.777005,-0.801244 51.776684,-0.802092 51.775998,-0.802282 51.776081,-0.801650 51.776608,-0.801259 51.776876,-0.801936 51.777198,-0.801355 51.777669,-0.800595 51.777308,-0.800875 51.777081)),((-0.805912 51.779173,-0.806646 51.779501,-0.806341 51.779697,-0.805648 51.779387,-0.805480 51.779523,-0.804721 51.779162,-0.805302 51.778691,-0.806062 51.779051,-0.805912 51.779173)),((-0.783742 51.770505,-0.783561 51.770605,-0.783321 51.770544,-0.783309 51.770564,-0.780648 51.769855,-0.780633 51.769876,-0.780367 51.769805,-0.780481 51.769640,-0.780747 51.769711,-0.780733 51.769731,-0.783134 51.770350,-0.783148 51.770330,-0.783417 51.770397,-0.783402 51.770419,-0.783742 51.770505)),((-0.787219 51.772116,-0.786895 51.772149,-0.785714 51.771188,-0.785624 51.770983,-0.785978 51.771046,-0.785953 51.771086,-0.787219 51.772116)),((-0.771619 51.774211,-0.771885 51.774327,-0.772053 51.774437,-0.772798 51.775022,-0.773140 51.775319,-0.773972 51.776097,-0.774144 51.776228,-0.774242 51.776248,-0.774173 51.776277,-0.774001 51.776166,-0.773417 51.775643,-0.773048 51.775248,-0.772687 51.774952,-0.772057 51.774466,-0.771794 51.774300,-0.771596 51.774231,-0.771619 51.774211)),((-0.792513 51.775514,-0.792181 51.775278,-0.792099 51.775212,-0.792181 51.775278,-0.792513 51.775514)))",HS2 Safeguarded Land,local-authority-eng:BUC,,,,/development-policy-area/local-authority-eng/BUC/LPHS2
,,2021-01-08,development-policy-area:LPHUG,"MULTIPOLYGON (((-0.753928 51.639872,-0.753918 51.640003,-0.753118 51.639994,-0.753071 51.639101,-0.753967 51.639182,-0.754707 51.639118,-0.755436 51.638936,-0.755506 51.639341,-0.755723 51.640138,-0.755200 51.640156,-0.753928 51.639872),(-0.753969 51.639185,-0.753976 51.639209,-0.753968 51.639349,-0.753980 51.639212,-0.753969 51.639185)),((-0.751130 51.639382,-0.751141 51.639333,-0.751076 51.639316,-0.751148 51.639286,-0.751261 51.639092,-0.751651 51.638854,-0.751798 51.638864,-0.752554 51.639064,-0.752572 51.639260,-0.752685 51.639561,-0.752788 51.639563,-0.752805 51.639763,-0.752474 51.639750,-0.752437 51.639644,-0.752319 51.639625,-0.751747 51.639599,-0.751271 51.639506,-0.751081 51.639505,-0.751130 51.639382)))",Hughenden Avenue,local-authority-eng:BUC,,,,/development-policy-area/local-authority-eng/BUC/LPHUG
,,2021-01-08,development-policy-area:LPHW,"MULTIPOLYGON (((-0.722767 51.618700,-0.722456 51.618983,-0.722353 51.619012,-0.721958 51.618586,-0.722012 51.618567,-0.721608 51.618113,-0.722160 51.617921,-0.722410 51.618194,-0.722493 51.618202,-0.722575 51.618290,-0.722639 51.618320,-0.722850 51.618321,-0.722990 51.618381,-0.722902 51.618461,-0.722938 51.618545,-0.722767 51.618700)))",High Wycombe Business Park,local-authority-eng:BUC,,,,/development-policy-area/local-authority-eng/BUC/LPHW
,,2021-01-08,development-policy-area:LPHW10,"MULTIPOLYGON (((-0.796856 51.614656,-0.796288 51.614654,-0.796260 51.614257,-0.796194 51.613991,-0.795848 51.613563,-0.795417 51.613113,-0.795953 51.612856,-0.796636 51.613035,-0.798139 51.613542,-0.798431 51.613711,-0.798785 51.613974,-0.797834 51.614091,-0.796817 51.614092,-0.796856 51.614656)))",Horns Lane,local-authority-eng:BUC,,,,/development-policy-area/local-authority-eng/BUC/LPHW10
,,2021-01-08,development-policy-area:LPHW11,"MULTIPOLYGON (((-0.798545 51.609759,-0.797955 51.609779,-0.795386 51.609306,-0.795695 51.608605,-0.795804 51.608619,-0.795994 51.608581,-0.797256 51.608810,-0.797395 51.608894,-0.797424 51.609046,-0.797640 51.609053,-0.797677 51.608972,-0.798447 51.608965,-0.798810 51.609021,-0.798858 51.609151,-0.798853 51.609276,-0.798545 51.609759)))",Clay Lane,local-authority-eng:BUC,,,,/development-policy-area/local-authority-eng/BUC/LPHW11
,,2021-01-08,development-policy-area:LPHW12,"MULTIPOLYGON (((-0.765398 51.631822,-0.765181 51.631740,-0.764910 51.631977,-0.764791 51.632042,-0.764786 51.632093,-0.764715 51.632152,-0.764561 51.632091,-0.764600 51.632051,-0.764472 51.632009,-0.764120 51.631974,-0.764203 51.631973,-0.764530 51.631817,-0.763884 51.631285,-0.763188 51.631100,-0.763248 51.631022,-0.763331 51.631042,-0.763372 51.630975,-0.763486 51.631005,-0.763690 51.630630,-0.764319 51.630781,-0.764527 51.630864,-0.764460 51.630929,-0.765631 51.631382,-0.765672 51.631342,-0.765826 51.631401,-0.765398 51.631822)))",Leigh Street,local-authority-eng:BUC,,,,/development-policy-area/local-authority-eng/BUC/LPHW12
,,2021-01-08,development-policy-area:LPHW13,"MULTIPOLYGON (((-0.729194 51.621289,-0.729108 51.621359,-0.728203 51.620298,-0.727292 51.619354,-0.728764 51.619580,-0.729171 51.619702,-0.729230 51.619778,-0.729323 51.619806,-0.729476 51.619797,-0.730472 51.620103,-0.730544 51.620149,-0.730436 51.620310,-0.730378 51.620287,-0.729194 51.621289)))",Former Bassetsbury Allotments,local-authority-eng:BUC,,,,/development-policy-area/local-authority-eng/BUC/LPHW13
,,2021-01-08,development-policy-area:LPHW14,"MULTIPOLYGON (((-0.705870 51.657840,-0.705263 51.658225,-0.704111 51.657483,-0.704145 51.657413,-0.704391 51.657491,-0.704851 51.657197,-0.705224 51.657402,-0.705870 51.657840)))",Highbury Works / Hazlemere Coach Works,local-authority-eng:BUC,,,,/development-policy-area/local-authority-eng/BUC/LPHW14
,,2021-01-08,development-policy-area:LPHW18,"MULTIPOLYGON (((-0.752702 51.627069,-0.751978 51.626970,-0.751793 51.626860,-0.751760 51.626742,-0.751903 51.626554,-0.752225 51.626260,-0.752795 51.626547,-0.752855 51.626811,-0.752702 51.627069)))",Office Outlet site,local-authority-eng:BUC,,,,/development-policy-area/local-authority-eng/BUC/LPHW18
,,2021-01-08,development-policy-area:LPHW4,"MULTIPOLYGON (((-0.726896 51.613998,-0.727145 51.614243,-0.727299 51.614487,-0.727653 51.614796,-0.728507 51.615220,-0.728536 51.615254,-0.728542 51.615394,-0.728606 51.615478,-0.729113 51.615630,-0.729599 51.615876,-0.729632 51.615922,-0.729574 51.616077,-0.729368 51.616426,-0.728647 51.616992,-0.728526 51.617143,-0.728065 51.617259,-0.727678 51.617430,-0.726537 51.617535,-0.725497 51.616945,-0.725542 51.616922,-0.725037 51.616488,-0.724854 51.616587,-0.724373 51.616316,-0.723157 51.616811,-0.723677 51.617078,-0.723198 51.617379,-0.722876 51.617154,-0.722712 51.617246,-0.722651 51.617209,-0.722503 51.617086,-0.722416 51.616863,-0.722241 51.616696,-0.722230 51.616597,-0.722357 51.616395,-0.722503 51.616275,-0.722862 51.616069,-0.723182 51.615745,-0.724139 51.614883,-0.724384 51.614709,-0.724954 51.614498,-0.726896 51.613998)))",Abbey Barn North,local-authority-eng:BUC,,,,/development-policy-area/local-authority-eng/BUC/LPHW4
,,2021-01-08,development-policy-area:LPHW5,"MULTIPOLYGON (((-0.742693 51.613496,-0.743353 51.613734,-0.744097 51.613947,-0.745916 51.614375,-0.745366 51.614691,-0.745081 51.614910,-0.744482 51.615292,-0.744255 51.615480,-0.743969 51.615795,-0.743731 51.616397,-0.743620 51.616569,-0.741989 51.615740,-0.739258 51.617776,-0.738686 51.617515,-0.738102 51.617378,-0.737926 51.617283,-0.737879 51.617224,-0.737848 51.617298,-0.737864 51.617344,-0.737673 51.617422,-0.736985 51.616001,-0.736883 51.615477,-0.736819 51.615395,-0.736669 51.614947,-0.736615 51.614905,-0.736099 51.614766,-0.735098 51.614569,-0.734607 51.614412,-0.734126 51.614160,-0.733731 51.614194,-0.732469 51.613673,-0.732338 51.613680,-0.732159 51.613804,-0.731580 51.613648,-0.731444 51.613535,-0.731267 51.613452,-0.729932 51.613143,-0.730770 51.612899,-0.731220 51.612818,-0.732112 51.612406,-0.733423 51.611903,-0.734747 51.611737,-0.735483 51.611605,-0.735897 51.611479,-0.736284 51.611307,-0.738080 51.611746,-0.739066 51.612041,-0.740292 51.612475,-0.742693 51.613496)))",Abbey Barn South and Wycombe Summit,local-authority-eng:BUC,,,,/development-policy-area/local-authority-eng/BUC/LPHW5
,,2021-01-08,development-policy-area:LPHW6,"MULTIPOLYGON (((-0.708131 51.625181,-0.709297 51.625629,-0.708330 51.626551,-0.708901 51.626791,-0.708603 51.627041,-0.708223 51.627430,-0.708051 51.627690,-0.707735 51.628067,-0.707166 51.628885,-0.707025 51.629030,-0.706976 51.629150,-0.706541 51.629808,-0.706273 51.630128,-0.705989 51.630387,-0.705420 51.630800,-0.705234 51.630972,-0.704396 51.632058,-0.703954 51.632524,-0.701507 51.633140,-0.701416 51.633126,-0.700678 51.633319,-0.700499 51.633292,-0.700414 51.633342,-0.700357 51.633340,-0.700232 51.633244,-0.699786 51.632855,-0.699838 51.632822,-0.699586 51.632539,-0.699430 51.632284,-0.699507 51.632208,-0.699744 51.631813,-0.700221 51.631315,-0.700878 51.630827,-0.701249 51.630505,-0.701628 51.629529,-0.701960 51.629096,-0.702132 51.628758,-0.702262 51.628174,-0.702355 51.628086,-0.702524 51.628008,-0.702612 51.627881,-0.702753 51.627130,-0.702898 51.625991,-0.702854 51.625781,-0.702645 51.625560,-0.702786 51.625466,-0.703434 51.624233,-0.704114 51.624235,-0.703991 51.623939,-0.703676 51.623432,-0.703581 51.623064,-0.703565 51.622656,-0.703596 51.622286,-0.703862 51.621549,-0.704040 51.621262,-0.704236 51.621034,-0.704810 51.620697,-0.704592 51.620592,-0.705694 51.619974,-0.705993 51.619875,-0.705995 51.619850,-0.705247 51.619459,-0.706013 51.618915,-0.706213 51.618711,-0.706283 51.618586,-0.706296 51.618360,-0.706255 51.618195,-0.705891 51.617739,-0.705816 51.617597,-0.706547 51.617460,-0.706498 51.617298,-0.705953 51.617312,-0.705689 51.617355,-0.705671 51.617273,-0.705704 51.617147,-0.705914 51.616881,-0.706283 51.616643,-0.706491 51.616560,-0.707084 51.616407,-0.707766 51.616721,-0.708721 51.617369,-0.709391 51.617765,-0.710396 51.618240,-0.710716 51.618599,-0.709925 51.618878,-0.710300 51.619166,-0.709468 51.619835,-0.710807 51.620423,-0.711253 51.620357,-0.712360 51.619376,-0.713733 51.620330,-0.714608 51.620854,-0.715174 51.621137,-0.714934 51.621371,-0.715441 51.621616,-0.715303 51.621729,-0.714939 51.622151,-0.714742 51.622296,-0.714530 51.622420,-0.714149 51.622505,-0.713777 51.622657,-0.713307 51.622924,-0.712891 51.623220,-0.712372 51.622995,-0.711633 51.622806,-0.711154 51.623157,-0.710929 51.623196,-0.710307 51.622970,-0.708131 51.625181)))",Gomm Valley and Ashwells,local-authority-eng:BUC,,,,/development-policy-area/local-authority-eng/BUC/LPHW6
,,2021-01-08,development-policy-area:LPHW7,"MULTIPOLYGON (((-0.729116 51.646187,-0.729244 51.646144,-0.730575 51.646617,-0.730667 51.646483,-0.730717 51.646495,-0.731668 51.645169,-0.732888 51.645517,-0.734198 51.645984,-0.734331 51.646078,-0.734367 51.646191,-0.733773 51.647525,-0.732704 51.648063,-0.732659 51.648119,-0.732227 51.648382,-0.731295 51.649171,-0.730388 51.649694,-0.728959 51.650288,-0.727953 51.650504,-0.726271 51.650744,-0.723864 51.650948,-0.723250 51.648421,-0.724162 51.648308,-0.724924 51.648175,-0.725583 51.647995,-0.726225 51.647921,-0.726392 51.647882,-0.726457 51.647836,-0.726547 51.647858,-0.726670 51.647747,-0.726856 51.647657,-0.727435 51.647271,-0.727675 51.647168,-0.728379 51.646618,-0.728769 51.646461,-0.729116 51.646187)))",Terriers Farm and Terriers House,local-authority-eng:BUC,,,,/development-policy-area/local-authority-eng/BUC/LPHW7
,,2021-01-08,development-policy-area:LPHW9,"MULTIPOLYGON (((-0.749873 51.643423,-0.748054 51.643213,-0.748109 51.642168,-0.748249 51.642186,-0.748254 51.642163,-0.748816 51.642136,-0.749089 51.642180,-0.749758 51.642103,-0.749805 51.642242,-0.749932 51.643047,-0.749873 51.643423)))",Part of Greens Farm Glynswood,local-authority-eng:BUC,,,,/development-policy-area/local-authority-eng/BUC/LPHW9
,,2021-01-08,development-policy-area:LPKCH,"MULTIPOLYGON (((-0.766965 51.631416,-0.766250 51.632129,-0.765398 51.631822,-0.765826 51.631401,-0.765672 51.631342,-0.765996 51.631031,-0.766965 51.631416)))",Kitchener Road,local-authority-eng:BUC,,,,/development-policy-area/local-authority-eng/BUC/LPKCH
,,2021-01-08,development-policy-area:LPKNV,"MULTIPOLYGON (((-0.694350 51.601739,-0.694879 51.601384,-0.697055 51.602758,-0.696902 51.602848,-0.696876 51.602831,-0.696541 51.603033,-0.696989 51.603361,-0.697546 51.603891,-0.697783 51.604319,-0.697819 51.604328,-0.697924 51.604538,-0.697926 51.604628,-0.697994 51.604636,-0.698238 51.604801,-0.698324 51.604936,-0.698820 51.604519,-0.698991 51.604644,-0.698674 51.604743,-0.698560 51.604913,-0.698366 51.604992,-0.698432 51.605093,-0.698378 51.605213,-0.697920 51.605601,-0.697874 51.605717,-0.697948 51.605855,-0.698021 51.605919,-0.698169 51.605974,-0.698017 51.605986,-0.697796 51.605908,-0.696815 51.606517,-0.695310 51.605864,-0.695257 51.605301,-0.695185 51.605236,-0.695102 51.605211,-0.694864 51.605436,-0.694589 51.605569,-0.694434 51.605609,-0.694302 51.605619,-0.693978 51.605543,-0.693940 51.605501,-0.693947 51.605359,-0.694147 51.604900,-0.694124 51.604896,-0.694235 51.604597,-0.694255 51.604237,-0.694058 51.603599,-0.693712 51.603201,-0.693363 51.602973,-0.693052 51.602821,-0.692183 51.602608,-0.691708 51.602546,-0.689682 51.602398,-0.689922 51.602255,-0.690156 51.602161,-0.690543 51.602140,-0.690754 51.602080,-0.690877 51.601967,-0.690858 51.601897,-0.690993 51.601916,-0.691425 51.601781,-0.691970 51.601691,-0.692182 51.601578,-0.692344 51.601443,-0.692833 51.601271,-0.693688 51.601901,-0.693944 51.602023,-0.694350 51.601739)))",Knaves Beech Way,local-authority-eng:BUC,,,,/development-policy-area/local-authority-eng/BUC/LPKNV
,,2021-01-08,development-policy-area:LPLE,"MULTIPOLYGON (((-0.833979 51.619961,-0.834038 51.620134,-0.833914 51.620161,-0.833905 51.620293,-0.833364 51.620284,-0.833567 51.620913,-0.832772 51.620941,-0.832698 51.620278,-0.832674 51.619526,-0.832697 51.619489,-0.832727 51.619495,-0.832939 51.619069,-0.833020 51.618978,-0.833095 51.618968,-0.833137 51.619023,-0.833324 51.619028,-0.833366 51.619084,-0.833886 51.618948,-0.834002 51.619144,-0.833600 51.619257,-0.833638 51.619288,-0.833658 51.619473,-0.833785 51.619640,-0.833833 51.619640,-0.833939 51.619766,-0.833979 51.619961)))",Lane End Industrial Park,local-authority-eng:BUC,,,,/development-policy-area/local-authority-eng/BUC/LPLE
,,2021-01-08,development-policy-area:LPLGH,"MULTIPOLYGON (((-0.764024 51.631385,-0.763702 51.631664,-0.763550 51.631863,-0.763417 51.631814,-0.763273 51.631976,-0.763113 51.631911,-0.763291 51.631698,-0.763006 51.631601,-0.763157 51.631414,-0.762786 51.631325,-0.762938 51.631036,-0.763829 51.631265,-0.764024 51.631385)))",Leigh Street,local-authority-eng:BUC,,,,/development-policy-area/local-authority-eng/BUC/LPLGH
,,2021-01-08,development-policy-area:LPLIW,"MULTIPOLYGON (((-0.861714 51.734805,-0.855328 51.732089,-0.855752 51.731643,-0.855672 51.731486,-0.855522 51.731416,-0.856054 51.730753,-0.856001 51.730737,-0.856019 51.730716,-0.856293 51.730783,-0.856824 51.731051,-0.857015 51.731024,-0.857605 51.731072,-0.858012 51.730923,-0.858464 51.730678,-0.863775 51.733852,-0.861714 51.734805)))",Land north of Lower Icknield Way,local-authority-eng:BUC,,,,/development-policy-area/local-authority-eng/BUC/LPLIW
,,2021-01-08,development-policy-area:LPLMCP,"MULTIPOLYGON (((-0.742423 51.585612,-0.739962 51.585945,-0.739239 51.585943,-0.738402 51.585892,-0.737059 51.585956,-0.735052 51.586293,-0.733745 51.586465,-0.732405 51.586568,-0.731512 51.586596,-0.730447 51.586565,-0.729604 51.586473,-0.726515 51.586052,-0.725998 51.585969,-0.725423 51.585822,-0.725618 51.585179,-0.725076 51.585060,-0.725079 51.584775,-0.724454 51.584712,-0.724484 51.584595,-0.724159 51.584573,-0.724165 51.583804,-0.724173 51.583357,-0.724434 51.582437,-0.724537 51.582216,-0.724621 51.582152,-0.724803 51.582093,-0.725434 51.582023,-0.725527 51.581960,-0.725650 51.581688,-0.725693 51.581204,-0.725675 51.580994,-0.725549 51.580805,-0.725414 51.580744,-0.725155 51.580475,-0.725105 51.580359,-0.725069 51.580098,-0.725194 51.579996,-0.726080 51.579566,-0.726210 51.579433,-0.726268 51.579311,-0.726183 51.578176,-0.725667 51.578224,-0.725557 51.577962,-0.725524 51.577635,-0.726192 51.577582,-0.726895 51.577484,-0.728202 51.577169,-0.730619 51.576281,-0.732458 51.575460,-0.733519 51.575034,-0.734575 51.574678,-0.736787 51.574126,-0.737572 51.573877,-0.738578 51.573368,-0.739120 51.573040,-0.739504 51.572767,-0.740412 51.571984,-0.740874 51.571697,-0.741382 51.571549,-0.742612 51.571358,-0.743357 51.571202,-0.744384 51.570931,-0.745126 51.570684,-0.745387 51.570560,-0.746152 51.570104,-0.747475 51.569198,-0.748278 51.568794,-0.748630 51.568447,-0.748745 51.568386,-0.750033 51.567838,-0.752793 51.566887,-0.754578 51.566228,-0.754973 51.565998,-0.755875 51.565374,-0.756681 51.564940,-0.756933 51.564840,-0.757187 51.564784,-0.757542 51.564786,-0.758202 51.564882,-0.759978 51.565718,-0.760731 51.565967,-0.761458 51.566140,-0.760608 51.567562,-0.758443 51.570826,-0.756998 51.573265,-0.756731 51.573790,-0.756486 51.574375,-0.756139 51.575391,-0.756102 51.575989,-0.756026 51.576485,-0.756002 51.577992,-0.756058 51.579597,-0.755995 51.580579,-0.755944 51.580776,-0.755594 51.581197,-0.755436 51.581280,-0.752726 51.582211,-0.751690 51.582611,-0.751343 51.582789,-0.749995 51.583295,-0.749897 51.583356,-0.749752 51.583390,-0.746828 51.584566,-0.745655 51.584881,-0.743120 51.585441,-0.742906 51.585533,-0.742423 51.585612)))",Little Marlow Country Park,local-authority-eng:BUC,,,,/development-policy-area/local-authority-eng/BUC/LPLMCP
,,2021-01-08,development-policy-area:LPLON,"MULTIPOLYGON (((-0.703255 51.611761,-0.703128 51.611677,-0.703058 51.611531,-0.702736 51.611319,-0.702346 51.611095,-0.702017 51.611024,-0.702164 51.610928,-0.701898 51.610791,-0.701734 51.610590,-0.701511 51.610411,-0.701677 51.610291,-0.702098 51.610097,-0.702996 51.610562,-0.703434 51.610747,-0.704154 51.611168,-0.703255 51.611761)))",London Road Employment Area,local-authority-eng:BUC,,,,/development-policy-area/local-authority-eng/BUC/LPLON
,,2021-01-08,development-policy-area:LPMARL,"MULTIPOLYGON (((-0.765185 51.634472,-0.765527 51.634816,-0.765756 51.634930,-0.765623 51.634960,-0.765190 51.634764,-0.763662 51.634300,-0.763634 51.634264,-0.763188 51.634126,-0.762978 51.634385,-0.761420 51.633911,-0.761407 51.633851,-0.761752 51.633175,-0.762151 51.633231,-0.762239 51.633085,-0.762801 51.633203,-0.762990 51.632910,-0.763547 51.633013,-0.763534 51.633029,-0.763996 51.633165,-0.764159 51.632935,-0.764428 51.633013,-0.763868 51.633800,-0.763779 51.633903,-0.763429 51.633806,-0.763318 51.633954,-0.763778 51.634094,-0.763962 51.633870,-0.764470 51.634079,-0.765086 51.634488,-0.765185 51.634472)))",Marlborough Industrial Estate,local-authority-eng:BUC,,,,/development-policy-area/local-authority-eng/BUC/LPMARL
,,2021-01-08,development-policy-area:LPMB,"MULTIPOLYGON (((-0.705916 51.576887,-0.705849 51.576829,-0.705996 51.576518,-0.706040 51.576163,-0.705990 51.576040,-0.706538 51.576271,-0.706601 51.576210,-0.706850 51.576320,-0.706644 51.576487,-0.706883 51.576578,-0.706759 51.576696,-0.706809 51.576709,-0.706416 51.577044,-0.705916 51.576887)),((-0.706630 51.576977,-0.706909 51.576747,-0.707424 51.576957,-0.707219 51.577166,-0.706630 51.576977)))",Meadow Bank,local-authority-eng:BUC,,,,/development-policy-area/local-authority-eng/BUC/LPMB
,,2021-01-08,development-policy-area:LPMILL,"MULTIPOLYGON (((-0.780400 51.637001,-0.781047 51.635817,-0.781629 51.635941,-0.781805 51.636030,-0.782732 51.636121,-0.782717 51.636228,-0.783418 51.636615,-0.783660 51.636692,-0.783537 51.636995,-0.784141 51.637106,-0.783960 51.637537,-0.783201 51.637424,-0.782959 51.637940,-0.783655 51.638058,-0.783576 51.638284,-0.783207 51.639008,-0.783035 51.639044,-0.782291 51.638773,-0.782458 51.638492,-0.782000 51.638415,-0.782049 51.638282,-0.781947 51.638267,-0.781920 51.638210,-0.781707 51.638175,-0.781499 51.638623,-0.780460 51.638391,-0.780691 51.637976,-0.780383 51.637958,-0.780151 51.638072,-0.779848 51.637963,-0.780400 51.637001)))",Mill End Road,local-authority-eng:BUC,,,,/development-policy-area/local-authority-eng/BUC/LPMILL
,,2021-01-08,development-policy-area:LPMOL,"MULTIPOLYGON (((-0.826083 51.736478,-0.823834 51.735715,-0.824034 51.735625,-0.824288 51.735590,-0.824656 51.735379,-0.825257 51.735274,-0.825613 51.735078,-0.826228 51.734412,-0.826413 51.734074,-0.826467 51.733885,-0.826571 51.733891,-0.826362 51.734297,-0.828834 51.735072,-0.828230 51.735865,-0.826083 51.736478)))",Molins Sports Ground,local-authority-eng:BUC,,,,/development-policy-area/local-authority-eng/BUC/LPMOL
,,2021-01-08,development-policy-area:LPMR6,"MULTIPOLYGON (((-0.783469 51.580036,-0.782735 51.580212,-0.782430 51.579729,-0.783145 51.579527,-0.783469 51.580036)))",Seymour Court Road,local-authority-eng:BUC,,,,/development-policy-area/local-authority-eng/BUC/LPMR6
,,2021-01-08,development-policy-area:LPPR11,"MULTIPOLYGON (((-0.837120 51.715736,-0.836582 51.715191,-0.836239 51.715212,-0.836265 51.715237,-0.835572 51.715456,-0.835507 51.715388,-0.836765 51.715015,-0.836581 51.714867,-0.836789 51.714747,-0.836939 51.714702,-0.837130 51.714703,-0.837503 51.714792,-0.838111 51.714852,-0.838243 51.714947,-0.838722 51.715154,-0.839319 51.715551,-0.840098 51.716229,-0.839990 51.716347,-0.838508 51.717184,-0.838154 51.716955,-0.837447 51.716400,-0.836869 51.715833,-0.837120 51.715736)))",Land rear of Poppy Road,local-authority-eng:BUC,,,,/development-policy-area/local-authority-eng/BUC/LPPR11
,,2021-01-08,development-policy-area:LPPR13,"MULTIPOLYGON (((-0.832217 51.725461,-0.832042 51.725359,-0.831512 51.724849,-0.831199 51.724616,-0.830838 51.724422,-0.830073 51.724089,-0.829628 51.723788,-0.829532 51.723617,-0.829550 51.723521,-0.829628 51.723392,-0.829772 51.723249,-0.829964 51.723123,-0.830101 51.723064,-0.830214 51.723071,-0.830962 51.723568,-0.831505 51.723827,-0.832122 51.724259,-0.832176 51.724307,-0.832262 51.724492,-0.832309 51.724770,-0.832465 51.725289,-0.832388 51.725445,-0.832217 51.725461)))",Land Fronting New Road,local-authority-eng:BUC,,,,/development-policy-area/local-authority-eng/BUC/LPPR13
,,2021-01-08,development-policy-area:LPPR14,"MULTIPOLYGON (((-0.829396 51.723332,-0.829195 51.723379,-0.829002 51.723361,-0.828347 51.722900,-0.829058 51.722530,-0.829305 51.722707,-0.829166 51.722782,-0.829236 51.722831,-0.829425 51.722729,-0.829584 51.722886,-0.829419 51.722974,-0.829687 51.723177,-0.829396 51.723332)))",Land South of Horns Lane,local-authority-eng:BUC,,,,/development-policy-area/local-authority-eng/BUC/LPPR14
,,2021-01-08,development-policy-area:LPPR16,"MULTIPOLYGON (((-0.841959 51.718211,-0.841733 51.718128,-0.841846 51.717201,-0.841823 51.717164,-0.842159 51.717115,-0.842934 51.717083,-0.842939 51.717149,-0.843118 51.717147,-0.843406 51.717074,-0.843581 51.717557,-0.843904 51.717556,-0.843893 51.717747,-0.843828 51.717755,-0.843813 51.717815,-0.843813 51.718479,-0.842162 51.718558,-0.842023 51.718531,-0.842038 51.718511,-0.841954 51.718483,-0.841990 51.718278,-0.841959 51.718211)))",Land at Princes Risborough Station,local-authority-eng:BUC,,,,/development-policy-area/local-authority-eng/BUC/LPPR16
,,2021-01-08,development-policy-area:LPPRA,"MULTIPOLYGON (((-0.809949 51.781950,-0.808980 51.782455,-0.808479 51.781982,-0.808150 51.780997,-0.807644 51.779737,-0.807039 51.778433,-0.805984 51.776449,-0.805427 51.774873,-0.805194 51.773114,-0.805349 51.771340,-0.807898 51.757843,-0.807949 51.757647,-0.808480 51.757730,-0.808912 51.756570,-0.808931 51.755986,-0.808904 51.755378,-0.808188 51.755376,-0.808123 51.754725,-0.808006 51.754141,-0.808356 51.754074,-0.808138 51.752805,-0.808153 51.752652,-0.807823 51.752682,-0.807902 51.751852,-0.808168 51.750928,-0.808660 51.749950,-0.809274 51.749033,-0.810132 51.748035,-0.811153 51.747079,-0.811958 51.746418,-0.812724 51.745868,-0.814147 51.744986,-0.815965 51.744075,-0.822638 51.740851,-0.823104 51.741087,-0.823751 51.740740,-0.823564 51.740337,-0.824852 51.739491,-0.826282 51.738315,-0.826428 51.738102,-0.827090 51.738349,-0.828233 51.737032,-0.829100 51.736125,-0.830445 51.734519,-0.831896 51.732898,-0.832792 51.731836,-0.834298 51.730142,-0.839250 51.724434,-0.839547 51.724143,-0.839977 51.723804,-0.840032 51.723722,-0.840475 51.723375,-0.842285 51.722134,-0.842741 51.721795,-0.843160 51.721382,-0.843581 51.720879,-0.843746 51.720603,-0.843972 51.720000,-0.844060 51.719649,-0.844010 51.718487,-0.844016 51.717775,-0.844311 51.717794,-0.844569 51.717885,-0.844719 51.718000,-0.844810 51.718176,-0.844769 51.718677,-0.844823 51.719012,-0.844790 51.719602,-0.844548 51.720516,-0.844263 51.721044,-0.843893 51.721485,-0.843223 51.722128,-0.841039 51.723677,-0.840446 51.724128,-0.839952 51.724588,-0.830994 51.734825,-0.828287 51.737854,-0.827500 51.738804,-0.825967 51.740066,-0.824552 51.740995,-0.823305 51.741685,-0.819074 51.743705,-0.815087 51.745670,-0.813767 51.746491,-0.813090 51.746979,-0.812322 51.747610,-0.811371 51.748501,-0.810579 51.749424,-0.810025 51.750252,-0.809585 51.751115,-0.809340 51.751966,-0.809257 51.752863,-0.809323 51.753610,-0.809566 51.754638,-0.809664 51.755624,-0.809586 51.756494,-0.808496 51.762482,-0.806791 51.771429,-0.806644 51.773091,-0.806864 51.774749,-0.807391 51.776233,-0.808422 51.778165,-0.809043 51.779501,-0.809562 51.780794,-0.809949 51.781950)))",Princes Risborough to Aylesbury Safeguarded Land,local-authority-eng:BUC,,,,/development-policy-area/local-authority-eng/BUC/LPPRA
,,2021-01-08,development-policy-area:LPQUC,"MULTIPOLYGON (((-0.706428 51.650897,-0.708051 51.651949,-0.707949 51.652010,-0.708232 51.652177,-0.708139 51.652223,-0.708010 51.652117,-0.706407 51.652731,-0.706627 51.652947,-0.706793 51.652881,-0.707078 51.653163,-0.706769 51.653288,-0.704078 51.652168,-0.704053 51.652121,-0.705167 51.651045,-0.706160 51.650862,-0.706203 51.650802,-0.706428 51.650897)))",Land at Queensway,local-authority-eng:BUC,,,,/development-policy-area/local-authority-eng/BUC/LPQUC
,,2021-01-08,development-policy-area:LPRUR1,"MULTIPOLYGON (((-0.839577 51.618965,-0.839484 51.619024,-0.839332 51.619393,-0.838835 51.619211,-0.838592 51.619194,-0.838628 51.618840,-0.838518 51.618848,-0.838516 51.618819,-0.838616 51.618103,-0.839615 51.618171,-0.839577 51.618965)))",Land south of Finings Road,local-authority-eng:BUC,,,,/development-policy-area/local-authority-eng/BUC/LPRUR1
,,2021-01-08,development-policy-area:LPRUR11,"MULTIPOLYGON (((-0.787108 51.598400,-0.787127 51.598713,-0.787194 51.599034,-0.787147 51.599190,-0.786719 51.599290,-0.785524 51.599332,-0.785386 51.598456,-0.787108 51.598400)))",Land at Heavens Above,local-authority-eng:BUC,,,,/development-policy-area/local-authority-eng/BUC/LPRUR11
,,2021-01-08,development-policy-area:LPRUR12,"MULTIPOLYGON (((-0.735989 51.658512,-0.736281 51.658477,-0.736392 51.658413,-0.736493 51.658294,-0.736552 51.658068,-0.736467 51.657615,-0.737557 51.657021,-0.737479 51.656286,-0.737518 51.656077,-0.737281 51.655691,-0.736880 51.655137,-0.737021 51.655090,-0.737476 51.655775,-0.738241 51.656706,-0.738585 51.656882,-0.739327 51.657123,-0.739575 51.657268,-0.739719 51.657410,-0.739973 51.657917,-0.740160 51.658540,-0.740204 51.658880,-0.740182 51.659137,-0.740098 51.659295,-0.739959 51.659776,-0.739808 51.660117,-0.739635 51.659948,-0.739266 51.659768,-0.739064 51.659733,-0.738471 51.659751,-0.738239 51.659729,-0.737391 51.659434,-0.737073 51.659359,-0.736796 51.659353,-0.736432 51.659414,-0.736259 51.659495,-0.736082 51.659654,-0.736233 51.659275,-0.736263 51.659080,-0.736105 51.658664,-0.735989 51.658512)))",Uplands Conference Centre,local-authority-eng:BUC,,,,/development-policy-area/local-authority-eng/BUC/LPRUR12
,,2021-01-08,development-policy-area:LPRUR2,"MULTIPOLYGON (((-0.828965 51.616324,-0.828586 51.616094,-0.828512 51.616000,-0.828325 51.615919,-0.827411 51.615222,-0.828824 51.615019,-0.829127 51.615531,-0.829634 51.615464,-0.830193 51.615841,-0.829552 51.615988,-0.829582 51.616066,-0.829348 51.616135,-0.828965 51.616324)))",Land between Chalky Field and Marlow Road,local-authority-eng:BUC,,,,/development-policy-area/local-authority-eng/BUC/LPRUR2
,,2021-01-08,development-policy-area:LPRUR3,"MULTIPOLYGON (((-0.829597 51.624984,-0.828566 51.624906,-0.827685 51.624673,-0.827911 51.624518,-0.828815 51.624428,-0.829018 51.624344,-0.828900 51.624239,-0.829579 51.624218,-0.829585 51.624055,-0.830103 51.623998,-0.830126 51.624292,-0.830177 51.624283,-0.830185 51.624310,-0.830222 51.624991,-0.829597 51.624984)))",Land at Sidney House,local-authority-eng:BUC,,,,/development-policy-area/local-authority-eng/BUC/LPRUR3
,,2021-01-08,development-policy-area:LPRUR7,"MULTIPOLYGON (((-0.783874 51.674348,-0.783470 51.673898,-0.782782 51.673574,-0.782858 51.673536,-0.782707 51.673447,-0.783236 51.673202,-0.784485 51.672513,-0.784736 51.672683,-0.785831 51.673754,-0.783874 51.674348)))",Land off Clappins Lane,local-authority-eng:BUC,,,,/development-policy-area/local-authority-eng/BUC/LPRUR7
,,2021-01-08,development-policy-area:LPRUR8,"MULTIPOLYGON (((-0.913825 51.657506,-0.913584 51.657807,-0.912680 51.657388,-0.912133 51.657820,-0.913080 51.658252,-0.912918 51.658414,-0.912815 51.658315,-0.912786 51.658187,-0.912500 51.658056,-0.911938 51.658618,-0.912484 51.658827,-0.912406 51.658901,-0.911866 51.658699,-0.911572 51.659011,-0.909934 51.658173,-0.909690 51.658352,-0.910432 51.658719,-0.909914 51.659222,-0.909175 51.658998,-0.908319 51.658845,-0.908385 51.658479,-0.908367 51.658437,-0.910679 51.657116,-0.911368 51.656546,-0.912948 51.657159,-0.912970 51.657136,-0.913825 51.657506)))",Land south of Mill Road,local-authority-eng:BUC,,,,/development-policy-area/local-authority-eng/BUC/LPRUR8
,,2021-01-08,development-policy-area:LPRUR9,"MULTIPOLYGON (((-0.910147 51.662074,-0.909979 51.662464,-0.909165 51.662341,-0.908463 51.662189,-0.908353 51.662124,-0.908386 51.662005,-0.908825 51.662072,-0.909059 51.661459,-0.910314 51.661604,-0.910147 51.662074)))",Land at Wood Farm,local-authority-eng:BUC,,,,/development-policy-area/local-authority-eng/BUC/LPRUR9
,,2021-01-08,development-policy-area:LPSTA,"MULTIPOLYGON (((-0.700407 51.608628,-0.700340 51.608665,-0.700388 51.608726,-0.699863 51.608888,-0.700403 51.609568,-0.700250 51.609641,-0.699943 51.609604,-0.699837 51.609505,-0.699668 51.609455,-0.699628 51.609321,-0.699429 51.609190,-0.699334 51.609064,-0.698896 51.609200,-0.698816 51.609050,-0.698820 51.608983,-0.698894 51.608881,-0.699400 51.608391,-0.699756 51.608157,-0.699768 51.608071,-0.699697 51.608065,-0.699928 51.607846,-0.700069 51.607832,-0.700253 51.607910,-0.700756 51.608374,-0.700726 51.608444,-0.700407 51.608628)))",Station Road Loudwater,local-authority-eng:BUC,,,,/development-policy-area/local-authority-eng/BUC/LPSTA
,,2021-01-08,development-policy-area:LPVBC,"MULTIPOLYGON (((-0.740487 51.628309,-0.740508 51.628371,-0.740078 51.629260,-0.739250 51.629101,-0.739219 51.629164,-0.738792 51.629101,-0.738775 51.629134,-0.738672 51.629116,-0.738647 51.629050,-0.738214 51.628992,-0.738203 51.629024,-0.737929 51.628974,-0.737857 51.629102,-0.737591 51.629052,-0.737771 51.628802,-0.737623 51.628765,-0.737382 51.629010,-0.737294 51.628966,-0.737371 51.628891,-0.737327 51.628859,-0.737495 51.628709,-0.737182 51.628586,-0.737401 51.628474,-0.736379 51.628343,-0.736445 51.628182,-0.736602 51.628208,-0.736737 51.627901,-0.737960 51.628071,-0.737919 51.628165,-0.738679 51.628318,-0.738849 51.627921,-0.739516 51.628043,-0.740487 51.628309)))",Valley Business Centre,local-authority-eng:BUC,,,,/development-policy-area/local-authority-eng/BUC/LPVBC
,,2021-01-08,development-policy-area:LPWSX,"MULTIPOLYGON (((-0.705725 51.575323,-0.704638 51.575161,-0.704770 51.574989,-0.705004 51.574262,-0.705853 51.574319,-0.705957 51.574274,-0.707250 51.571560,-0.708147 51.571704,-0.708569 51.571667,-0.708635 51.571982,-0.708607 51.572135,-0.708410 51.572421,-0.708308 51.572479,-0.708310 51.572526,-0.708105 51.572775,-0.708033 51.572934,-0.707988 51.573206,-0.707604 51.573748,-0.707245 51.574164,-0.706735 51.574380,-0.705725 51.575323)))",Wessex Road Industrial Estate,local-authority-eng:BUC,,,,/development-policy-area/local-authority-eng/BUC/LPWSX
,,2021-01-08,development-policy-area:LPWYE,"MULTIPOLYGON (((-0.724809 51.622058,-0.724665 51.622055,-0.723663 51.621771,-0.722734 51.621426,-0.722103 51.621154,-0.722817 51.620643,-0.723475 51.620861,-0.723993 51.621193,-0.724505 51.621584,-0.724782 51.621719,-0.725104 51.621826,-0.724926 51.622009,-0.724809 51.622058)))",Wye Industrial Estate,local-authority-eng:BUC,,,,/development-policy-area/local-authority-eng/BUC/LPWYE
,,2021-01-08,development-policy-area:NBSB,"MULTIPOLYGON (((-0.869477 51.713677,-0.869063 51.712850,-0.869048 51.712712,-0.868878 51.712457,-0.870441 51.712167,-0.870631 51.712521,-0.871133 51.712371,-0.872053 51.712033,-0.873018 51.711788,-0.873427 51.712288,-0.873516 51.712364,-0.873554 51.712348,-0.873773 51.712625,-0.874125 51.712585,-0.874833 51.712470,-0.874682 51.712206,-0.875225 51.712047,-0.875199 51.712002,-0.875678 51.711861,-0.875778 51.711960,-0.877607 51.711480,-0.877562 51.711419,-0.878081 51.711292,-0.878305 51.711679,-0.878657 51.713051,-0.878748 51.713327,-0.878850 51.713446,-0.878908 51.713631,-0.879667 51.713325,-0.879980 51.713684,-0.880270 51.713912,-0.880073 51.714023,-0.879960 51.714178,-0.880254 51.714586,-0.880231 51.714620,-0.880663 51.715138,-0.881572 51.714865,-0.882758 51.716257,-0.881999 51.716522,-0.882283 51.716885,-0.882249 51.716946,-0.882264 51.717038,-0.882480 51.717258,-0.881387 51.717738,-0.880974 51.717167,-0.880630 51.716826,-0.879874 51.715809,-0.880030 51.715732,-0.879710 51.715429,-0.879412 51.715205,-0.879020 51.715122,-0.879043 51.715016,-0.879320 51.714808,-0.879356 51.714660,-0.879486 51.714610,-0.879057 51.714111,-0.878763 51.714174,-0.878733 51.714030,-0.878604 51.713852,-0.878368 51.713790,-0.877460 51.713886,-0.877337 51.713862,-0.877207 51.713708,-0.875264 51.714157,-0.874598 51.714271,-0.874315 51.713978,-0.874272 51.713851,-0.873979 51.713498,-0.873722 51.713322,-0.873706 51.713386,-0.873354 51.713564,-0.872657 51.713816,-0.871740 51.714056,-0.871251 51.714145,-0.871085 51.714159,-0.870865 51.714113,-0.870747 51.714463,-0.870755 51.714719,-0.870622 51.715091,-0.870667 51.715611,-0.870747 51.715982,-0.870951 51.716623,-0.870094 51.716710,-0.869975 51.716297,-0.870070 51.716286,-0.869716 51.714740,-0.869968 51.714715,-0.870016 51.713702,-0.869605 51.713743,-0.869493 51.713731,-0.869477 51.713677)))",Bledlow Settlement Boundary,local-authority-eng:BUC,,,,/development-policy-area/local-authority-eng/BUC/NBSB
,,2021-01-08,development-policy-area:NDHNA,"MULTIPOLYGON (((-0.758773 51.620407,-0.758741 51.620402,-0.758758 51.620246,-0.758734 51.620127,-0.758526 51.619813,-0.758401 51.619713,-0.758069 51.619543,-0.757531 51.619290,-0.757326 51.619228,-0.756832 51.619115,-0.755767 51.618957,-0.755658 51.619030,-0.755512 51.619059,-0.754603 51.619021,-0.754234 51.619079,-0.753885 51.619212,-0.753270 51.619518,-0.752583 51.619746,-0.752113 51.620015,-0.750507 51.619587,-0.750331 51.619829,-0.748701 51.619424,-0.748433 51.619831,-0.747789 51.619511,-0.747600 51.619447,-0.746005 51.619297,-0.745954 51.619250,-0.746146 51.618834,-0.746080 51.618410,-0.746177 51.618289,-0.747525 51.617691,-0.747667 51.617461,-0.747706 51.617444,-0.748109 51.617618,-0.748735 51.617641,-0.748857 51.617594,-0.749251 51.617292,-0.749585 51.617101,-0.747845 51.615195,-0.747730 51.615145,-0.747526 51.615154,-0.747503 51.615094,-0.747626 51.615042,-0.747641 51.614973,-0.747288 51.614579,-0.747521 51.614655,-0.747607 51.614624,-0.747656 51.614686,-0.748325 51.614732,-0.749659 51.614934,-0.750288 51.614938,-0.751143 51.614876,-0.753126 51.614897,-0.754112 51.614814,-0.756208 51.614467,-0.757947 51.614311,-0.759605 51.614013,-0.759940 51.614713,-0.760492 51.614617,-0.760581 51.614677,-0.761103 51.615690,-0.762705 51.616096,-0.762870 51.616099,-0.762993 51.616051,-0.762684 51.616434,-0.762624 51.616452,-0.762588 51.616508,-0.762611 51.616552,-0.762435 51.616834,-0.761888 51.617520,-0.761005 51.618509,-0.758773 51.620407)))",Daws Hill Neighbourhood Area,local-authority-eng:BUC,,,,/development-policy-area/local-authority-eng/BUC/NDHNA
,,2021-01-08,development-policy-area:NDLV,"MULTIPOLYGON (((-0.855032 51.732238,-0.855058 51.732347,-0.855174 51.732501,-0.861566 51.735158,-0.864845 51.736487,-0.863882 51.736858,-0.863211 51.737178,-0.863365 51.737250,-0.863371 51.737281,-0.864951 51.738456,-0.864922 51.738514,-0.864451 51.738755,-0.864647 51.738895,-0.864361 51.739073,-0.864523 51.739177,-0.864523 51.739285,-0.863577 51.739670,-0.863506 51.739610,-0.863610 51.739585,-0.863406 51.739409,-0.862870 51.739641,-0.862136 51.740028,-0.862323 51.740168,-0.862433 51.740138,-0.862674 51.740153,-0.862905 51.740117,-0.863175 51.739969,-0.863722 51.740387,-0.863939 51.740595,-0.863277 51.740845,-0.863411 51.740941,-0.863496 51.740941,-0.863495 51.740996,-0.863586 51.741004,-0.863646 51.741052,-0.863637 51.741101,-0.864780 51.741868,-0.865592 51.742532,-0.866189 51.743079,-0.866361 51.743194,-0.867184 51.742904,-0.867778 51.743561,-0.867095 51.743835,-0.866646 51.743450,-0.866409 51.743543,-0.865768 51.743949,-0.865649 51.743930,-0.865386 51.743860,-0.865896 51.743312,-0.866245 51.743303,-0.865937 51.743247,-0.865318 51.743047,-0.865269 51.743072,-0.865132 51.743038,-0.865022 51.742960,-0.864972 51.742988,-0.864796 51.742745,-0.864231 51.742452,-0.864010 51.742288,-0.863797 51.742393,-0.863625 51.742247,-0.862986 51.742549,-0.863038 51.742585,-0.862736 51.742724,-0.862676 51.742697,-0.862671 51.742654,-0.862271 51.742397,-0.861033 51.741450,-0.861158 51.741347,-0.860072 51.740534,-0.858852 51.739834,-0.859683 51.739260,-0.859612 51.739156,-0.859657 51.739137,-0.859409 51.739050,-0.859346 51.738881,-0.858129 51.738023,-0.858257 51.737978,-0.856926 51.736741,-0.856950 51.736730,-0.856863 51.736654,-0.857403 51.736405,-0.857033 51.736031,-0.856861 51.735923,-0.856610 51.735827,-0.856253 51.735770,-0.856031 51.735800,-0.855042 51.736544,-0.853837 51.735893,-0.853162 51.735613,-0.853153 51.735572,-0.853422 51.735231,-0.852778 51.735034,-0.851633 51.734586,-0.851585 51.734539,-0.851579 51.734469,-0.851609 51.734432,-0.852035 51.734225,-0.852430 51.733988,-0.853768 51.732874,-0.854061 51.732671,-0.854525 51.732432,-0.855032 51.732238),(-0.861777 51.736973,-0.862323 51.736630,-0.862107 51.736507,-0.861535 51.736817,-0.859811 51.735638,-0.859569 51.735428,-0.858368 51.735974,-0.857563 51.735252,-0.857602 51.735232,-0.857171 51.734925,-0.857512 51.734771,-0.857458 51.734727,-0.856887 51.734982,-0.857686 51.735618,-0.857843 51.735806,-0.858266 51.736180,-0.858230 51.736198,-0.858899 51.736716,-0.859081 51.736819,-0.859214 51.736978,-0.859281 51.736955,-0.859367 51.737016,-0.859573 51.737239,-0.859673 51.737263,-0.859748 51.737345,-0.859857 51.737273,-0.860165 51.737486,-0.860052 51.737546,-0.860421 51.737796,-0.861052 51.737425,-0.861057 51.737382,-0.861703 51.736979,-0.861777 51.736973)))",Development at Longwick Village,local-authority-eng:BUC,,,,/development-policy-area/local-authority-eng/BUC/NDLV
,,2021-01-08,development-policy-area:NLGSD,"MULTIPOLYGON (((-0.762473 51.616541,-0.762380 51.616477,-0.761978 51.616364,-0.762223 51.616108,-0.762324 51.616102,-0.762538 51.616168,-0.762623 51.616339,-0.762473 51.616541)))",Local Green Space 5 - land on corner of Marlow Hill & Fair Ridge,local-authority-eng:BUC,,,,/development-policy-area/local-authority-eng/BUC/NLGSD
,,2021-01-08,development-policy-area:NNHA,"MULTIPOLYGON (((-0.859569 51.735428,-0.858368 51.735974,-0.857563 51.735252,-0.857602 51.735232,-0.857171 51.734925,-0.857512 51.734771,-0.857458 51.734727,-0.858952 51.734064,-0.864845 51.736487,-0.863882 51.736858,-0.863215 51.737167,-0.862910 51.736954,-0.862107 51.736507,-0.861535 51.736817,-0.859811 51.735638,-0.859569 51.735428)),((-0.862494 51.739846,-0.862136 51.740028,-0.861829 51.739791,-0.861866 51.739717,-0.861812 51.739677,-0.861694 51.739682,-0.861418 51.739457,-0.862032 51.739197,-0.861863 51.739063,-0.862339 51.738825,-0.862401 51.738871,-0.862789 51.738662,-0.862702 51.738587,-0.862796 51.738551,-0.862588 51.738398,-0.863839 51.737629,-0.864955 51.738460,-0.864924 51.738513,-0.864451 51.738755,-0.864647 51.738895,-0.864361 51.739073,-0.864523 51.739177,-0.864523 51.739285,-0.863577 51.739670,-0.863506 51.739610,-0.863610 51.739585,-0.863406 51.739409,-0.862870 51.739641,-0.862494 51.739846)),((-0.861184 51.741335,-0.861158 51.741347,-0.860072 51.740534,-0.858852 51.739834,-0.859400 51.739444,-0.859783 51.739223,-0.861016 51.740131,-0.861616 51.739834,-0.862603 51.740577,-0.861184 51.741335)),((-0.856031 51.735800,-0.855042 51.736544,-0.854015 51.735983,-0.853565 51.735766,-0.853172 51.735618,-0.853150 51.735582,-0.853343 51.735339,-0.854581 51.735670,-0.856031 51.735800)),((-0.866361 51.743194,-0.867184 51.742904,-0.867778 51.743561,-0.867095 51.743835,-0.866361 51.743194)),((-0.863019 51.740667,-0.862323 51.740168,-0.862433 51.740138,-0.862847 51.740133,-0.863175 51.739969,-0.863722 51.740387,-0.863939 51.740595,-0.863277 51.740845,-0.863019 51.740667)),((-0.866409 51.743543,-0.865768 51.743949,-0.865386 51.743860,-0.865896 51.743312,-0.866184 51.743314,-0.866409 51.743543)))",New Housing Allocations,local-authority-eng:BUC,,,,/development-policy-area/local-authority-eng/BUC/NNHA
,,2021-01-08,development-policy-area:NPP1,"MULTIPOLYGON (((-0.822362 51.676133,-0.822200 51.676242,-0.822211 51.676286,-0.822156 51.676338,-0.821453 51.675908,-0.821898 51.675619,-0.821774 51.675543,-0.821614 51.675570,-0.822666 51.674961,-0.822697 51.674983,-0.823329 51.674665,-0.823586 51.674826,-0.823680 51.674797,-0.824084 51.675128,-0.824463 51.675039,-0.823762 51.674490,-0.823997 51.674356,-0.824822 51.673988,-0.825390 51.673622,-0.825615 51.673537,-0.826242 51.674200,-0.826544 51.674593,-0.825684 51.674717,-0.825665 51.674952,-0.825778 51.675146,-0.826104 51.675538,-0.826884 51.676217,-0.827836 51.676876,-0.827925 51.677108,-0.828030 51.677249,-0.828230 51.677449,-0.828420 51.677565,-0.827848 51.677785,-0.827333 51.677282,-0.826673 51.676876,-0.826101 51.676368,-0.826006 51.676227,-0.825957 51.676017,-0.825881 51.675935,-0.825567 51.675734,-0.824725 51.675079,-0.824468 51.675091,-0.824240 51.675141,-0.824902 51.675783,-0.824946 51.675764,-0.825125 51.675894,-0.825948 51.676558,-0.826007 51.676537,-0.826304 51.676812,-0.827703 51.678247,-0.827602 51.678275,-0.828246 51.678980,-0.827233 51.679580,-0.827180 51.679535,-0.827180 51.679495,-0.825953 51.678429,-0.825903 51.678423,-0.825782 51.678314,-0.825577 51.678055,-0.825418 51.677936,-0.825081 51.677470,-0.824717 51.676865,-0.824737 51.676821,-0.824701 51.676747,-0.824623 51.676685,-0.824298 51.676205,-0.824085 51.675954,-0.823463 51.675337,-0.823289 51.675367,-0.822862 51.675639,-0.822528 51.675999,-0.822362 51.676133)))",South Saunderton Settlement Boundary,local-authority-eng:BUC,,,,/development-policy-area/local-authority-eng/BUC/NPP1
,,2021-01-08,development-policy-area:NPP12,"MULTIPOLYGON (((-0.846030 51.672435,-0.846576 51.671827,-0.846964 51.672087,-0.846999 51.672064,-0.847590 51.672564,-0.846889 51.673086,-0.845727 51.672718,-0.845884 51.672599,-0.846030 51.672435)))",Bledlow Ridge School,local-authority-eng:BUC,,,,/development-policy-area/local-authority-eng/BUC/NPP12
,,2021-01-08,development-policy-area:NPP3,"MULTIPOLYGON (((-0.833818 51.677343,-0.835599 51.679656,-0.835608 51.679683,-0.835308 51.679784,-0.835600 51.680164,-0.835367 51.680279,-0.835346 51.680373,-0.834426 51.680720,-0.834261 51.680625,-0.834090 51.680693,-0.833993 51.680609,-0.833391 51.680848,-0.833258 51.680737,-0.832614 51.680996,-0.832434 51.680817,-0.832496 51.680792,-0.832069 51.680372,-0.832320 51.680273,-0.832195 51.680056,-0.831527 51.679400,-0.831731 51.679302,-0.831135 51.678689,-0.831049 51.678717,-0.831007 51.678677,-0.833257 51.677838,-0.833345 51.677867,-0.833456 51.677976,-0.833423 51.678022,-0.834322 51.678901,-0.834490 51.678864,-0.834323 51.678677,-0.834445 51.678640,-0.834584 51.678828,-0.834632 51.678811,-0.834617 51.678701,-0.834567 51.678649,-0.833987 51.678198,-0.833594 51.677752,-0.833727 51.677675,-0.833541 51.677438,-0.833818 51.677343)))","Molins, South Saunderton",local-authority-eng:BUC,,,,/development-policy-area/local-authority-eng/BUC/NPP3
,,2021-01-08,development-policy-area:NRLVDRI,"MULTIPOLYGON (((-0.854904 51.732184,-0.854647 51.732240,-0.854365 51.732350,-0.853693 51.732745,-0.852351 51.733860,-0.852267 51.733827,-0.852219 51.733852,-0.852318 51.733928,-0.852166 51.734030,-0.851810 51.734223,-0.851411 51.734376,-0.850764 51.734749,-0.848880 51.735666,-0.847601 51.736419,-0.846092 51.737170,-0.845310 51.737462,-0.844447 51.737699,-0.842799 51.738033,-0.840923 51.738485,-0.839959 51.738652,-0.839309 51.738874,-0.836364 51.740344,-0.834264 51.741316,-0.829429 51.743630,-0.828963 51.743802,-0.828538 51.744064,-0.827929 51.744362,-0.827216 51.744656,-0.825545 51.745533,-0.823849 51.746338,-0.822697 51.746949,-0.822609 51.746863,-0.822590 51.746878,-0.821994 51.746636,-0.822135 51.746514,-0.821647 51.746245,-0.827740 51.743219,-0.838536 51.738036,-0.838708 51.738146,-0.839085 51.737995,-0.840606 51.737624,-0.840791 51.737816,-0.841947 51.737378,-0.841986 51.737408,-0.842975 51.736998,-0.843068 51.737060,-0.844534 51.736492,-0.845610 51.735985,-0.845785 51.736106,-0.849614 51.734222,-0.849677 51.734158,-0.848530 51.733947,-0.848684 51.733894,-0.851837 51.732145,-0.851660 51.731986,-0.852734 51.731270,-0.854904 51.732184)))",Retaining Longwick Village's Distinct Rural Identity,local-authority-eng:BUC,,,,/development-policy-area/local-authority-eng/BUC/NRLVDRI
,,2021-01-08,development-policy-area:NSAAF,"MULTIPOLYGON (((-0.866409 51.743543,-0.865768 51.743949,-0.865386 51.743860,-0.865896 51.743312,-0.866184 51.743314,-0.866409 51.743543)))",Site Allocation of land adjacent to Anderdons Farm,local-authority-eng:BUC,,,,/development-policy-area/local-authority-eng/BUC/NSAAF
,,2021-01-08,development-policy-area:NSABBR,"MULTIPOLYGON (((-0.859569 51.735428,-0.858368 51.735974,-0.857563 51.735252,-0.857602 51.735232,-0.857171 51.734925,-0.857512 51.734771,-0.857458 51.734727,-0.858952 51.734064,-0.864845 51.736487,-0.863882 51.736858,-0.863215 51.737167,-0.862910 51.736954,-0.862107 51.736507,-0.861535 51.736817,-0.859811 51.735638,-0.859569 51.735428)))",Site Allocation of land at Boxer Road/Barn Road,local-authority-eng:BUC,,,,/development-policy-area/local-authority-eng/BUC/NSABBR
,,2021-01-08,development-policy-area:NSARF,"MULTIPOLYGON (((-0.862494 51.739846,-0.862136 51.740028,-0.861829 51.739791,-0.861866 51.739717,-0.861812 51.739677,-0.861694 51.739682,-0.861418 51.739457,-0.862032 51.739197,-0.861863 51.739063,-0.862339 51.738825,-0.862401 51.738871,-0.862789 51.738662,-0.862702 51.738587,-0.862796 51.738551,-0.862588 51.738398,-0.863839 51.737629,-0.864955 51.738460,-0.864924 51.738513,-0.864451 51.738755,-0.864647 51.738895,-0.864361 51.739073,-0.864523 51.739177,-0.864523 51.739285,-0.863577 51.739670,-0.863506 51.739610,-0.863610 51.739585,-0.863406 51.739409,-0.862870 51.739641,-0.862494 51.739846)),((-0.863019 51.740667,-0.862323 51.740168,-0.862433 51.740138,-0.862847 51.740133,-0.863175 51.739969,-0.863722 51.740387,-0.863939 51.740595,-0.863277 51.740845,-0.863019 51.740667)))",Site Allocation of land @ Rose Farm frontage & South,local-authority-eng:BUC,,,,/development-policy-area/local-authority-eng/BUC/NSARF
,,2021-01-08,development-policy-area:NSARHF,"MULTIPOLYGON (((-0.866361 51.743194,-0.867184 51.742904,-0.867778 51.743561,-0.867095 51.743835,-0.866361 51.743194)))",Site Allocation of land adjacent to Red House Farm,local-authority-eng:BUC,,,,/development-policy-area/local-authority-eng/BUC/NSARHF
,,2021-01-08,development-policy-area:NSATR,"MULTIPOLYGON (((-0.861184 51.741335,-0.861158 51.741347,-0.860072 51.740534,-0.858852 51.739834,-0.859400 51.739444,-0.859783 51.739223,-0.861016 51.740131,-0.861616 51.739834,-0.862603 51.740577,-0.861184 51.741335)))",Site Allocation on east side of Thame Road to Bar Lane,local-authority-eng:BUC,,,,/development-policy-area/local-authority-eng/BUC/NSATR
,,2021-01-08,development-policy-area:NSATRCW,"MULTIPOLYGON (((-0.856031 51.735800,-0.855042 51.736544,-0.854015 51.735983,-0.853565 51.735766,-0.853172 51.735618,-0.853150 51.735582,-0.853343 51.735339,-0.854581 51.735670,-0.856031 51.735800)))",Site Allocation of land on Thame Road east Chestnut Way junction,local-authority-eng:BUC,,,,/development-policy-area/local-authority-eng/BUC/NSATRCW
,,2021-01-08,development-policy-area:NSMPH,"MULTIPOLYGON (((-0.857123 51.749503,-0.857101 51.749599,-0.856865 51.749681,-0.856756 51.749775,-0.856674 51.749918,-0.856358 51.750142,-0.856145 51.750219,-0.856124 51.750021,-0.856024 51.749874,-0.855717 51.749638,-0.855165 51.749300,-0.855565 51.749057,-0.855875 51.749213,-0.856186 51.749438,-0.856594 51.749175,-0.856855 51.749148,-0.856919 51.749186,-0.856753 51.749267,-0.856722 51.749393,-0.856908 51.749547,-0.857123 51.749503)))",Shoulder of Mutton Public House,local-authority-eng:BUC,,,,/development-policy-area/local-authority-eng/BUC/NSMPH
,,2021-01-08,development-policy-area:NSSBS,"MULTIPOLYGON (((-0.856456 51.760780,-0.856280 51.760595,-0.855698 51.760394,-0.855687 51.760359,-0.855098 51.760089,-0.854017 51.759895,-0.852788 51.759742,-0.849981 51.759003,-0.849999 51.758990,-0.848991 51.758560,-0.848246 51.758297,-0.844922 51.756777,-0.844602 51.757002,-0.843701 51.756645,-0.843590 51.756782,-0.843539 51.756792,-0.842118 51.756243,-0.841645 51.756096,-0.839670 51.755722,-0.839347 51.755626,-0.838638 51.755268,-0.837131 51.754377,-0.835521 51.753332,-0.834985 51.753039,-0.835002 51.753026,-0.833155 51.752136,-0.832669 51.751962,-0.832600 51.752005,-0.831944 51.751786,-0.831257 51.751508,-0.829411 51.750675,-0.829434 51.750605,-0.828263 51.749952,-0.827689 51.749570,-0.825746 51.748470,-0.825744 51.748429,-0.825071 51.748054,-0.824628 51.747856,-0.822888 51.746945,-0.822697 51.746949,-0.822611 51.746864,-0.821994 51.746636,-0.822135 51.746514,-0.821647 51.746245,-0.827740 51.743219,-0.838110 51.738233,-0.842080 51.736456,-0.842150 51.736426,-0.843068 51.737060,-0.844534 51.736492,-0.845610 51.735985,-0.845785 51.736106,-0.849397 51.734339,-0.849677 51.734158,-0.848530 51.733947,-0.848673 51.733900,-0.851837 51.732145,-0.851593 51.731951,-0.851562 51.731849,-0.851628 51.731413,-0.851823 51.731207,-0.854312 51.729951,-0.855627 51.729241,-0.860359 51.726563,-0.859267 51.725769,-0.858934 51.725476,-0.857395 51.724448,-0.857792 51.724189,-0.857774 51.724153,-0.857428 51.723873,-0.855790 51.722757,-0.854894 51.723021,-0.854663 51.722839,-0.852639 51.721120,-0.852633 51.721046,-0.852508 51.720908,-0.852390 51.720662,-0.852365 51.720433,-0.852201 51.720290,-0.852112 51.720160,-0.851969 51.720136,-0.851660 51.719948,-0.851661 51.719895,-0.851756 51.719755,-0.851825 51.719508,-0.850975 51.719410,-0.850311 51.719149,-0.849603 51.718746,-0.845921 51.716407,-0.845287 51.715791,-0.845134 51.715565,-0.844774 51.714857,-0.846250 51.714310,-0.846964 51.714820,-0.847092 51.714815,-0.847476 51.714699,-0.847684 51.714750,-0.848258 51.715258,-0.848763 51.715788,-0.850203 51.715389,-0.850518 51.715368,-0.850537 51.715432,-0.850676 51.715603,-0.850769 51.715870,-0.851337 51.715756,-0.851358 51.715737,-0.851334 51.715687,-0.851388 51.715654,-0.852238 51.715432,-0.852831 51.716311,-0.853175 51.716651,-0.853311 51.716890,-0.853484 51.717091,-0.854114 51.717694,-0.854495 51.717982,-0.854785 51.718276,-0.856395 51.719724,-0.856466 51.719825,-0.856485 51.719973,-0.856753 51.720195,-0.856880 51.720374,-0.857651 51.721158,-0.857942 51.721510,-0.858120 51.721415,-0.858193 51.721315,-0.858684 51.721077,-0.858668 51.721063,-0.859610 51.720726,-0.861275 51.722073,-0.862255 51.721680,-0.862784 51.722109,-0.862864 51.722199,-0.862656 51.722309,-0.863007 51.722579,-0.863706 51.723350,-0.863983 51.723580,-0.863990 51.723627,-0.863743 51.723770,-0.865283 51.724938,-0.865893 51.725345,-0.865907 51.725377,-0.865793 51.725455,-0.866252 51.726061,-0.867327 51.727181,-0.867898 51.727821,-0.868353 51.728190,-0.868558 51.728111,-0.868663 51.728161,-0.870573 51.730057,-0.870762 51.730083,-0.871712 51.729879,-0.871952 51.730181,-0.872015 51.730199,-0.872033 51.730315,-0.872288 51.730516,-0.872643 51.730981,-0.872709 51.731153,-0.872801 51.731274,-0.873408 51.731985,-0.873364 51.732038,-0.873113 51.732129,-0.873405 51.732447,-0.874330 51.733639,-0.874805 51.733971,-0.875788 51.734450,-0.876742 51.734787,-0.877461 51.734917,-0.877580 51.734861,-0.878579 51.734994,-0.879835 51.735420,-0.879917 51.735354,-0.881503 51.735814,-0.884530 51.737233,-0.885145 51.737543,-0.885278 51.737640,-0.885466 51.737690,-0.885578 51.737797,-0.886287 51.738055,-0.886946 51.738388,-0.887030 51.738387,-0.887598 51.738773,-0.887570 51.738832,-0.887586 51.738856,-0.887917 51.739092,-0.888209 51.739173,-0.890347 51.740193,-0.890766 51.740362,-0.891197 51.740426,-0.891267 51.740359,-0.891495 51.740351,-0.892207 51.739987,-0.893653 51.739359,-0.894227 51.738987,-0.894406 51.739033,-0.894488 51.739014,-0.896045 51.738218,-0.896415 51.737884,-0.896731 51.737460,-0.896753 51.737339,-0.896968 51.737305,-0.897061 51.737135,-0.896907 51.736995,-0.896544 51.736881,-0.896306 51.736927,-0.896099 51.736906,-0.896106 51.736868,-0.896352 51.736823,-0.896256 51.736766,-0.895950 51.736853,-0.895922 51.736799,-0.896034 51.736723,-0.896044 51.736678,-0.898989 51.735503,-0.899868 51.735125,-0.901314 51.734440,-0.901351 51.734465,-0.902525 51.733911,-0.904046 51.733390,-0.904358 51.733293,-0.904513 51.733282,-0.904539 51.732980,-0.904495 51.732667,-0.904302 51.732443,-0.904224 51.732304,-0.904371 51.732350,-0.904637 51.732541,-0.904853 51.732762,-0.905035 51.733047,-0.905437 51.733365,-0.905600 51.733394,-0.905955 51.733297,-0.906014 51.733311,-0.906393 51.733639,-0.906503 51.733688,-0.907037 51.734086,-0.907795 51.734541,-0.907939 51.734656,-0.908577 51.734975,-0.908995 51.735356,-0.909038 51.735536,-0.909153 51.735719,-0.909130 51.736073,-0.909317 51.736461,-0.909404 51.736557,-0.909545 51.736645,-0.910003 51.736854,-0.910114 51.736833,-0.910232 51.736746,-0.910472 51.736866,-0.910777 51.736781,-0.910831 51.736868,-0.910801 51.736912,-0.910534 51.736964,-0.910534 51.737048,-0.910600 51.737082,-0.911136 51.737102,-0.911132 51.737066,-0.910938 51.736892,-0.910940 51.736857,-0.910987 51.736836,-0.911342 51.736907,-0.911581 51.736908,-0.911656 51.736964,-0.911800 51.736997,-0.912062 51.736936,-0.912134 51.737018,-0.912199 51.737034,-0.912273 51.736976,-0.912447 51.736716,-0.912550 51.736686,-0.912623 51.736719,-0.912612 51.736846,-0.912793 51.736999,-0.911307 51.738207,-0.911345 51.738270,-0.912277 51.738548,-0.911046 51.740141,-0.909966 51.739762,-0.909938 51.739857,-0.908797 51.741004,-0.909067 51.741088,-0.907933 51.742118,-0.907814 51.742135,-0.907595 51.742313,-0.906844 51.743451,-0.906568 51.743946,-0.906344 51.744061,-0.905307 51.745547,-0.905200 51.745588,-0.905041 51.745567,-0.904947 51.745627,-0.904427 51.746219,-0.904342 51.746451,-0.904095 51.746850,-0.904076 51.747051,-0.903931 51.747431,-0.903900 51.747590,-0.903814 51.747722,-0.904244 51.750161,-0.904352 51.751308,-0.904407 51.751549,-0.904535 51.751682,-0.904514 51.751717,-0.901971 51.751861,-0.899995 51.752017,-0.897348 51.751926,-0.893783 51.751986,-0.892241 51.751784,-0.890663 51.751773,-0.890631 51.751758,-0.890595 51.751646,-0.890574 51.751412,-0.890080 51.751357,-0.889923 51.751374,-0.889939 51.751247,-0.889705 51.751257,-0.887567 51.751110,-0.886804 51.750646,-0.886470 51.750507,-0.886202 51.750487,-0.885243 51.750160,-0.884057 51.749861,-0.883704 51.749742,-0.883600 51.749764,-0.883478 51.749886,-0.883455 51.749974,-0.883384 51.749990,-0.882319 51.749651,-0.881227 51.749367,-0.880480 51.749003,-0.879772 51.748795,-0.877775 51.748015,-0.877539 51.747980,-0.877016 51.748034,-0.876835 51.748104,-0.876519 51.748349,-0.875857 51.748937,-0.874314 51.749561,-0.873138 51.750135,-0.871871 51.750702,-0.871382 51.750960,-0.870916 51.751040,-0.869949 51.751116,-0.869834 51.751307,-0.869362 51.751747,-0.867972 51.752840,-0.867617 51.753178,-0.867076 51.752950,-0.866228 51.753439,-0.865461 51.753820,-0.865167 51.754083,-0.864802 51.754559,-0.864027 51.755942,-0.863771 51.756488,-0.863432 51.756399,-0.863157 51.756402,-0.863230 51.756587,-0.863229 51.756741,-0.863145 51.756997,-0.863024 51.757171,-0.862436 51.757661,-0.861574 51.758263,-0.861438 51.758419,-0.861403 51.758554,-0.859871 51.759022,-0.858962 51.759418,-0.856884 51.760587,-0.856456 51.760780)))",Small Scale Business Space,local-authority-eng:BUC,,,,/development-policy-area/local-authority-eng/BUC/NSSBS
,,2021-01-08,development-policy-area:W23,"MULTIPOLYGON (((-0.728325 51.646006,-0.727566 51.646276,-0.727436 51.646148,-0.727416 51.646091,-0.727421 51.646044,-0.727508 51.645956,-0.727784 51.645890,-0.727808 51.645928,-0.728115 51.645841,-0.728325 51.646006)))",BEECH TREE PUBLIC HOUSE AMENITY - Green Space,local-authority-eng:BUC,,,,/development-policy-area/local-authority-eng/BUC/W23
